Price,Year,Kilometer,Engine,Length,Width,Height,Seating Capacity,Fuel Tank Capacity,Fuel Type,Transmission,Owner,Seller Type,Drivetrain,PriceRange
9300.0,2020.0,39000.0,1197.0,3995.0,1775.0,1505.0,5.0,37.0,Petrol,Manual,First,Individual,FWD,0
7500.0,2019.0,31000.0,1197.0,3985.0,1734.0,1505.0,5.0,45.0,Petrol,Manual,First,Individual,FWD,0
33600.0,2018.0,20000.0,2143.0,4630.0,1777.0,1432.0,5.0,56.0,Diesel,Automatic,First,Individual,FWD,2
18240.0,2021.0,14000.0,1997.0,3985.0,1820.0,1844.0,4.0,57.0,Petrol,Manual,First,Individual,AWD,1
10788.0,2018.0,13066.0,1373.0,4490.0,1730.0,1485.0,5.0,43.0,Petrol,Manual,First,Individual,FWD,0
7860.0,2016.0,38779.0,1197.0,3995.0,1745.0,1500.0,5.0,37.0,Petrol,Manual,First,Individual,FWD,0
19800.0,2014.0,53089.0,1796.0,4868.0,1854.0,1470.0,5.0,80.0,Petrol,Automatic,Second,Individual,RWD,2
10500.0,2015.0,67000.0,2179.0,4456.0,1820.0,1995.0,8.0,60.0,Diesel,Manual,First,Individual,RWD,1
3000.0,2011.0,64000.0,1197.0,3585.0,1595.0,1550.0,5.0,35.0,Petrol,Manual,First,Individual,FWD,0
5100.0,2014.0,74000.0,1461.0,4331.0,1822.0,1671.0,5.0,50.0,Diesel,Manual,Second,Individual,FWD,0
2640.0,2012.0,54000.0,998.0,3539.0,1475.0,1700.0,5.0,35.0,Petrol,Manual,First,Individual,FWD,0
7500.0,2015.0,76000.0,1364.0,3775.0,1695.0,1510.0,5.0,45.0,Diesel,Manual,First,Individual,FWD,1
9000.0,2010.0,112000.0,1995.0,4841.0,1846.0,1468.0,5.0,70.0,Diesel,Automatic,Second,Individual,RWD,3
22200.0,2016.0,72000.0,2755.0,4735.0,1830.0,1795.0,7.0,55.0,Diesel,Automatic,First,Individual,RWD,1
3720.0,2014.0,82000.0,998.0,3599.0,1495.0,1700.0,5.0,35.0,Otro,Manual,First,Individual,FWD,0
12660.0,2020.0,15000.0,998.0,3995.0,1790.0,1647.0,5.0,45.0,Petrol,Automatic,First,Individual,FWD,1
7800.0,2013.0,83466.0,2199.0,4660.0,1890.0,1760.0,7.0,70.0,Diesel,Automatic,First,Individual,AWD,0
23940.0,2018.0,35123.0,2393.0,4735.0,1830.0,1795.0,8.0,55.0,Diesel,Manual,First,Individual,RWD,1
6540.0,2019.0,28000.0,1197.0,3765.0,1660.0,1520.0,5.0,43.0,Petrol,Manual,First,Individual,FWD,0
7500.0,2022.0,7000.0,1196.0,3675.0,1475.0,1825.0,7.0,40.0,Petrol,Manual,First,Individual,RWD,0
6300.0,2019.0,50000.0,998.0,3655.0,1620.0,1675.0,5.0,60.0,Otro,Manual,First,Individual,FWD,0
3420.0,2016.0,22346.0,796.0,3395.0,1490.0,1475.0,5.0,35.0,Petrol,Manual,First,Individual,FWD,0
9900.0,2021.0,8499.0,1197.0,3995.0,1745.0,1500.0,5.0,37.0,Petrol,Manual,First,Individual,FWD,0
4980.0,2014.0,62000.0,1582.0,4370.0,1700.0,1475.0,5.0,43.0,Diesel,Manual,Second,Individual,FWD,0
21600.0,2012.0,74073.0,1995.0,4648.0,1881.0,1661.0,5.0,67.0,Diesel,Automatic,First,Individual,AWD,3
7800.0,2017.0,49422.0,1197.0,3765.0,1660.0,1520.0,5.0,43.0,Petrol,Automatic,First,Individual,FWD,0
11339.988,2017.0,41417.0,1197.0,3971.0,1682.0,1469.0,5.0,45.0,Petrol,Automatic,First,Individual,FWD,0
12000.0,2018.0,38000.0,2179.0,4788.0,1903.0,1791.0,7.0,60.0,Diesel,Manual,First,Individual,RWD,0
4500.0,2011.0,77000.0,1794.0,4540.0,1760.0,1480.0,5.0,55.0,Petrol,Manual,First,Individual,FWD,1
5880.0,2018.0,66000.0,1197.0,3995.0,1660.0,1520.0,5.0,43.0,Petrol,Manual,First,Individual,FWD,0
5940.0,2017.0,30000.0,1197.0,3765.0,1660.0,1520.0,5.0,43.0,Petrol,Manual,First,Individual,FWD,0
23879.988,2022.0,5800.0,1493.0,4300.0,1790.0,1635.0,5.0,50.0,Diesel,Automatic,First,Individual,FWD,0
8220.0,2018.0,92000.0,1248.0,3995.0,1735.0,1515.0,5.0,37.0,Diesel,Automatic,First,Individual,FWD,0
8892.0,2017.0,31000.0,1373.0,4490.0,1730.0,1485.0,5.0,43.0,Petrol,Automatic,First,Individual,FWD,0
6840.0,2017.0,36000.0,1197.0,3995.0,1745.0,1500.0,5.0,37.0,Petrol,Automatic,First,Individual,FWD,0
6540.0,2019.0,43000.0,1086.0,3610.0,1645.0,1560.0,5.0,60.0,Otro,Manual,First,Individual,FWD,0
5400.0,2014.0,85000.0,1461.0,4331.0,1822.0,1671.0,5.0,50.0,Diesel,Manual,Second,Individual,FWD,0
4440.0,2019.0,47377.0,998.0,3545.0,1490.0,1475.0,4.0,60.0,Otro,Manual,First,Individual,FWD,0
4692.0,2017.0,24000.0,998.0,3600.0,1600.0,1560.0,5.0,35.0,Petrol,Manual,First,Individual,FWD,0
7500.0,2018.0,23000.0,1197.0,3985.0,1734.0,1505.0,5.0,40.0,Petrol,Manual,First,Individual,FWD,0
8700.0,2019.0,11874.0,1197.0,3840.0,1735.0,1530.0,5.0,37.0,Petrol,Automatic,First,Individual,FWD,0
7800.0,2020.0,37003.0,1197.0,3765.0,1660.0,1520.0,5.0,43.0,Petrol,Manual,First,Individual,FWD,0
4800.0,2016.0,67850.0,998.0,3599.0,1495.0,1700.0,5.0,35.0,Otro,Manual,First,Individual,FWD,0
25800.0,2014.0,81000.0,2987.0,4781.0,1911.0,1774.0,5.0,95.0,Diesel,Automatic,First,Individual,AWD,2
2820.0,2011.0,135000.0,1582.0,4370.0,1700.0,1475.0,5.0,43.0,Diesel,Manual,First,Individual,FWD,0
13500.0,2019.0,50000.0,1591.0,4370.0,1700.0,1475.0,5.0,43.0,Petrol,Automatic,First,Individual,FWD,0
39600.0,2014.0,25000.0,2967.0,5089.0,1983.0,1737.0,6.0,100.0,Diesel,Automatic,Second,Individual,AWD,2
23100.0,2021.0,19000.0,1451.0,4720.0,1835.0,1760.0,6.0,60.0,Petrol,Automatic,First,Corporate,FWD,2
2759.9880000000003,2011.0,41215.0,936.0,3640.0,1595.0,1520.0,5.0,35.0,Diesel,Manual,First,Individual,FWD,0
4500.0,2018.0,48144.0,1199.0,3992.0,1677.0,1537.0,5.0,35.0,Petrol,Manual,First,Individual,FWD,0
4200.0,2014.0,110000.0,1498.0,3990.0,1680.0,1505.0,5.0,35.0,Diesel,Manual,First,Individual,FWD,0
5064.0,2018.0,12768.0,1196.0,3675.0,1475.0,1800.0,5.0,40.0,Petrol,Manual,First,Individual,RWD,0
6180.0,2022.0,3395.0,1086.0,3610.0,1645.0,1560.0,5.0,35.0,Petrol,Manual,First,Individual,FWD,0
7452.0,2013.0,72000.0,1248.0,4265.0,1695.0,1685.0,7.0,45.0,Diesel,Manual,First,Individual,FWD,0
3780.0,2012.0,57000.0,1498.0,4425.0,1695.0,1505.0,5.0,41.0,Petrol,Manual,First,Individual,FWD,0
4740.0,2016.0,28000.0,1197.0,3585.0,1595.0,1550.0,5.0,35.0,Petrol,Manual,First,Individual,FWD,0
26388.0,2016.0,77000.0,1995.0,4454.0,2044.0,1545.0,5.0,63.0,Diesel,Automatic,First,Individual,RWD,3
21000.0,2022.0,23000.0,1353.0,4300.0,1790.0,1635.0,5.0,50.0,Petrol,Automatic,First,Individual,FWD,0
7500.0,2017.0,58000.0,1197.0,3995.0,1735.0,1515.0,5.0,37.0,Petrol,Automatic,First,Individual,FWD,0
6540.0,2016.0,53000.0,1197.0,3995.0,1745.0,1500.0,5.0,37.0,Petrol,Manual,First,Individual,FWD,0
3588.0,2014.0,32000.0,1199.0,4249.0,1690.0,1503.0,5.0,42.0,Petrol,Manual,First,Individual,FWD,0
5100.0,2013.0,79500.0,1498.0,3990.0,1680.0,1505.0,5.0,35.0,Diesel,Manual,First,Individual,FWD,0
23400.0,2016.0,84878.0,1968.0,4385.0,1831.0,1608.0,5.0,64.0,Diesel,Automatic,Second,Individual,AWD,2
4560.0,2016.0,70000.0,998.0,3636.0,1475.0,1670.0,5.0,35.0,Petrol,Automatic,First,Individual,FWD,0
19500.0,2022.0,27800.0,1493.0,4300.0,1790.0,1635.0,5.0,50.0,Diesel,Manual,First,Individual,FWD,0
7200.0,2020.0,10000.0,1197.0,3850.0,1695.0,1530.0,5.0,42.0,Petrol,Manual,First,Individual,FWD,0
5100.0,2014.0,89000.0,1248.0,3995.0,1695.0,1555.0,5.0,42.0,Diesel,Manual,First,Individual,FWD,0
30600.0,2015.0,69500.0,1968.0,4933.0,1874.0,1455.0,5.0,75.0,Diesel,Automatic,Second,Individual,FWD,2
6240.0,2019.0,76000.0,998.0,3655.0,1620.0,1675.0,5.0,60.0,Otro,Manual,First,Individual,FWD,0
12900.0,2013.0,125000.0,2982.0,4705.0,1840.0,1850.0,7.0,80.0,Diesel,Automatic,First,Individual,RWD,1
12000.0,2010.0,127000.0,2982.0,4695.0,1840.0,1850.0,7.0,80.0,Diesel,Manual,Third,Individual,AWD,1
21000.0,2021.0,33000.0,1451.0,4655.0,1835.0,1760.0,5.0,60.0,Petrol,Automatic,First,Individual,FWD,2
39600.0,2019.0,6400.0,1496.0,3821.0,1727.0,1414.0,5.0,44.0,Diesel,Automatic,First,Individual,FWD,4
34200.0,2022.0,16000.0,2393.0,4735.0,1830.0,1795.0,7.0,55.0,Diesel,Automatic,First,Individual,RWD,1
25680.0,2021.0,24000.0,1999.0,4500.0,1790.0,1675.0,6.0,50.0,Petrol,Automatic,First,Individual,FWD,0
6720.0,2018.0,84500.0,1248.0,3995.0,1735.0,1515.0,5.0,37.0,Diesel,Manual,Third,Individual,FWD,0
6300.0,2015.0,68397.0,1197.0,3985.0,1734.0,1505.0,5.0,45.0,Petrol,Manual,First,Individual,FWD,0
4680.0,2018.0,18000.0,998.0,3545.0,1490.0,1475.0,5.0,35.0,Petrol,Manual,First,Individual,FWD,0
6840.0,2015.0,60798.0,1373.0,4490.0,1730.0,1485.0,5.0,43.0,Petrol,Manual,First,Individual,FWD,0
11880.0,2019.0,23000.0,1396.0,4270.0,1780.0,1630.0,5.0,60.0,Diesel,Manual,First,Individual,FWD,0
3120.0,2011.0,90000.0,1248.0,3995.0,1695.0,1555.0,5.0,42.0,Diesel,Manual,Second,Individual,FWD,0
2940.0,2010.0,95000.0,1497.0,4420.0,1695.0,1480.0,5.0,42.0,Petrol,Automatic,Second,Individual,FWD,0
5340.0,2016.0,22402.0,1197.0,3765.0,1660.0,1520.0,5.0,43.0,Petrol,Manual,First,Individual,FWD,0
9480.0,2017.0,50000.0,1248.0,3995.0,1790.0,1640.0,5.0,48.0,Diesel,Manual,First,Individual,FWD,0
3948.0,2014.0,76116.0,998.0,3600.0,1600.0,1560.0,5.0,35.0,Petrol,Automatic,First,Individual,FWD,0
23987.988,2019.0,71063.0,2393.0,4735.0,1830.0,1795.0,8.0,55.0,Diesel,Manual,First,Individual,RWD,1
3780.0,2017.0,15507.0,799.0,3679.0,1579.0,1478.0,5.0,28.0,Petrol,Manual,First,Individual,FWD,0
6960.0,2019.0,17881.0,1197.0,3850.0,1695.0,1530.0,5.0,42.0,Petrol,Manual,First,Individual,FWD,0
5160.0,2019.0,57993.0,998.0,3545.0,1490.0,1475.0,5.0,35.0,Petrol,Automatic,First,Individual,FWD,0
3720.0,2011.0,26000.0,1396.0,3940.0,1710.0,1505.0,5.0,45.0,Petrol,Automatic,First,Individual,FWD,0
3011.9880000000003,2011.0,98000.0,2179.0,4421.0,1780.0,1940.0,7.0,65.0,Diesel,Manual,First,Individual,FWD,0
5880.0,2015.0,23103.0,1197.0,3995.0,1660.0,1520.0,5.0,43.0,Petrol,Manual,First,Individual,FWD,0
21479.988,2018.0,46000.0,1999.0,4475.0,1850.0,1660.0,5.0,62.0,Petrol,Automatic,First,Individual,FWD,0
12900.0,2016.0,70000.0,1798.0,4620.0,1775.0,1475.0,5.0,55.0,Petrol,Manual,First,Individual,FWD,1
12900.0,2015.0,138000.0,2179.0,4585.0,1890.0,1785.0,7.0,70.0,Diesel,Manual,First,Individual,FWD,1
6900.0,2016.0,62000.0,1248.0,3995.0,1745.0,1500.0,5.0,37.0,Diesel,Manual,First,Individual,FWD,0
10200.0,2019.0,28000.0,1498.0,3998.0,1765.0,1647.0,5.0,52.0,Diesel,Manual,First,Individual,FWD,0
5940.0,2017.0,47000.0,1197.0,3765.0,1660.0,1520.0,5.0,43.0,Petrol,Manual,First,Individual,FWD,0
4380.0,2013.0,78000.0,1199.0,3970.0,1682.0,1453.0,5.0,45.0,Diesel,Manual,First,Individual,FWD,0
3420.0,2017.0,45600.0,796.0,3395.0,1490.0,1475.0,5.0,35.0,Petrol,Manual,First,Individual,FWD,0
13164.0,2022.0,1700.0,1493.0,3995.0,1770.0,1605.0,5.0,45.0,Diesel,Manual,First,Individual,FWD,0
5700.0,2016.0,55353.0,1248.0,3995.0,1695.0,1555.0,5.0,42.0,Diesel,Manual,Second,Individual,FWD,0
3000.0,2017.0,32000.0,799.0,3679.0,1579.0,1478.0,5.0,28.0,Petrol,Manual,First,Individual,FWD,0
1740.0,2009.0,72000.0,1086.0,3565.0,1525.0,1590.0,5.0,35.0,Otro,Manual,Second,Individual,FWD,0
10680.0,2016.0,88000.0,1582.0,4270.0,1780.0,1630.0,5.0,60.0,Diesel,Automatic,First,Individual,FWD,0
12720.0,2019.0,12382.0,1497.0,4440.0,1695.0,1495.0,5.0,40.0,Petrol,Manual,First,Corporate,FWD,0
7800.0,2017.0,92000.0,1248.0,4490.0,1730.0,1485.0,5.0,43.0,Diesel,Manual,Second,Individual,FWD,0
5340.0,2018.0,65555.0,1186.0,3995.0,1660.0,1520.0,5.0,43.0,Diesel,Manual,Second,Individual,FWD,0
10680.0,2017.0,70000.0,1248.0,3995.0,1790.0,1640.0,5.0,48.0,Diesel,Manual,Second,Individual,FWD,0
11100.0,2021.0,48000.0,1462.0,3995.0,1790.0,1640.0,5.0,48.0,Petrol,Manual,First,Individual,FWD,0
9540.0,2019.0,22224.0,1199.0,3995.0,1695.0,1501.0,5.0,35.0,Petrol,Automatic,First,Individual,FWD,0
7800.0,2017.0,76000.0,1248.0,3995.0,1695.0,1555.0,5.0,42.0,Diesel,Automatic,First,Individual,FWD,0
36300.0,2019.0,59000.0,1995.0,4454.0,2044.0,1545.0,5.0,63.0,Diesel,Automatic,First,Individual,RWD,3
17400.0,2014.0,71796.0,1968.0,4385.0,1831.0,1608.0,5.0,64.0,Diesel,Automatic,Third,Individual,AWD,2
18588.0,2018.0,95315.0,2393.0,4735.0,1830.0,1795.0,7.0,55.0,Diesel,Manual,Second,Individual,RWD,1
11400.0,2017.0,55000.0,1997.0,4456.0,1820.0,1995.0,8.0,60.0,Diesel,Manual,Second,Individual,RWD,1
4620.0,2013.0,65000.0,1198.0,3970.0,1682.0,1453.0,5.0,45.0,Petrol,Manual,First,Individual,FWD,0
8340.0,2019.0,42678.0,1197.0,3985.0,1734.0,1505.0,5.0,45.0,Petrol,Manual,First,Individual,FWD,0
9480.0,2018.0,41000.0,1498.0,3999.0,1734.0,1601.0,5.0,40.0,Diesel,Manual,First,Individual,FWD,0
18600.0,2020.0,28000.0,2184.0,3985.0,1820.0,1920.0,6.0,57.0,Diesel,Manual,First,Individual,AWD,1
12900.0,2021.0,12020.0,1197.0,3995.0,1775.0,1505.0,5.0,37.0,Petrol,Automatic,First,Individual,FWD,0
3360.0,2011.0,69276.0,998.0,3620.0,1475.0,1460.0,5.0,35.0,Petrol,Manual,First,Individual,FWD,0
15480.0,2012.0,121000.0,2982.0,4705.0,1840.0,1850.0,7.0,80.0,Diesel,Manual,Second,Individual,AWD,1
22679.988,2021.0,17000.0,1451.0,4655.0,1835.0,1760.0,5.0,60.0,Petrol,Automatic,First,Individual,FWD,2
18300.0,2021.0,14000.0,1497.0,4315.0,1800.0,1645.0,5.0,50.0,Petrol,Manual,First,Individual,FWD,1
9900.0,2021.0,22000.0,1197.0,3995.0,1745.0,1500.0,5.0,37.0,Petrol,Manual,First,Individual,FWD,0
9180.0,2021.0,18105.0,1197.0,3765.0,1660.0,1520.0,5.0,43.0,Petrol,Manual,First,Individual,FWD,0
13020.0,2018.0,45915.0,1582.0,4440.0,1729.0,1475.0,5.0,45.0,Diesel,Automatic,First,Individual,FWD,0
4500.0,2011.0,78000.0,1497.0,4420.0,1695.0,1480.0,5.0,42.0,Petrol,Manual,First,Individual,FWD,0
40800.0,2016.0,38000.0,1995.0,4936.0,1868.0,1479.0,5.0,65.0,Diesel,Automatic,Second,Individual,RWD,3
6420.0,2017.0,34908.0,1197.0,3995.0,1745.0,1500.0,5.0,37.0,Petrol,Manual,First,Corporate,FWD,0
22200.0,2013.0,44087.0,1968.0,4385.0,1831.0,1608.0,5.0,64.0,Diesel,Automatic,First,Individual,AWD,2
40800.0,2018.0,50000.0,2143.0,4656.0,1890.0,1639.0,5.0,66.0,Diesel,Automatic,First,Individual,AWD,2
38400.0,2016.0,55000.0,1999.0,4600.0,2069.0,1690.0,7.0,65.0,Diesel,Automatic,Second,Individual,AWD,4
10320.0,2021.0,11030.0,1197.0,3995.0,1745.0,1510.0,5.0,37.0,Petrol,Manual,First,Individual,FWD,1
9900.0,2021.0,6600.0,1197.0,3805.0,1680.0,1520.0,5.0,37.0,Petrol,Automatic,First,Individual,FWD,0
2724.0,2011.0,87513.0,796.0,3495.0,1475.0,1460.0,5.0,35.0,Petrol,Manual,Second,Individual,FWD,0
9060.0,2022.0,2272.0,1197.0,3805.0,1680.0,1520.0,5.0,37.0,Petrol,Manual,First,Individual,FWD,0
32280.0,2016.0,57000.0,1968.0,4629.0,1898.0,1653.0,5.0,75.0,Diesel,Automatic,First,Individual,AWD,2
45000.0,2019.0,13500.0,1999.0,5067.0,2091.0,1457.0,5.0,66.0,Diesel,Automatic,Second,Individual,RWD,4
8988.0,2017.0,114000.0,1598.0,4300.0,1765.0,1590.0,5.0,48.0,Diesel,Manual,First,Individual,FWD,0
5640.0,2020.0,2169.0,998.0,3565.0,1520.0,1564.0,5.0,27.0,Petrol,Automatic,First,Individual,FWD,0
43200.0,2018.0,7800.0,2755.0,4795.0,1855.0,1835.0,7.0,80.0,Diesel,Automatic,First,Individual,RWD,1
8280.0,2020.0,55000.0,1197.0,3995.0,1745.0,1510.0,5.0,37.0,Petrol,Manual,First,Individual,FWD,1
8100.0,2017.0,81323.0,1498.0,3998.0,1765.0,1647.0,5.0,52.0,Diesel,Manual,First,Individual,FWD,0
5100.0,2017.0,39000.0,1248.0,3995.0,1706.0,1570.0,5.0,44.0,Diesel,Manual,First,Commercial Registration,FWD,0
7140.0,2019.0,25000.0,1197.0,3765.0,1660.0,1520.0,5.0,43.0,Petrol,Manual,First,Individual,FWD,0
7500.0,2017.0,55000.0,1198.0,3995.0,1682.0,1483.0,5.0,45.0,Petrol,Manual,First,Individual,FWD,0
20520.0,2021.0,4400.0,1997.0,3985.0,1820.0,1844.0,4.0,57.0,Petrol,Automatic,First,Individual,AWD,1
30480.0,2022.0,18000.0,2184.0,4695.0,1890.0,1755.0,7.0,60.0,Diesel,Automatic,First,Individual,FWD,1
7680.0,2017.0,61000.0,1248.0,3995.0,1790.0,1640.0,5.0,48.0,Diesel,Manual,First,Individual,FWD,0
6480.0,2014.0,86000.0,1582.0,4370.0,1700.0,1475.0,5.0,43.0,Diesel,Manual,First,Individual,FWD,0
6000.0,2015.0,90000.0,1248.0,3995.0,1695.0,1555.0,5.0,42.0,Diesel,Manual,First,Individual,FWD,0
3300.0,2013.0,76000.0,1086.0,3565.0,1525.0,1590.0,5.0,35.0,Otro,Manual,First,Individual,FWD,0
17940.0,2011.0,72100.0,2987.0,5226.0,2120.0,1479.0,5.0,90.0,Diesel,Automatic,Second,Individual,RWD,2
8028.0,2016.0,70000.0,1248.0,3995.0,1790.0,1640.0,5.0,48.0,Diesel,Manual,First,Individual,FWD,0
13500.0,2020.0,46807.0,999.0,4413.0,1699.0,1466.0,5.0,55.0,Petrol,Automatic,First,Individual,FWD,1
8100.0,2013.0,106223.0,2696.0,4755.0,1900.0,1785.0,7.0,78.0,Diesel,Automatic,Second,Individual,AWD,0
4919.988,2014.0,55000.0,1197.0,3850.0,1695.0,1530.0,5.0,42.0,Petrol,Manual,First,Individual,FWD,0
23879.988,2018.0,55000.0,2393.0,4735.0,1830.0,1795.0,7.0,55.0,Diesel,Manual,First,Individual,RWD,1
16200.0,2019.0,79000.0,1493.0,4315.0,1800.0,1645.0,5.0,50.0,Diesel,Manual,Second,Individual,FWD,1
23400.0,2016.0,57057.0,1968.0,4701.0,1826.0,1427.0,5.0,63.0,Diesel,Automatic,First,Individual,FWD,2
7080.0,2019.0,26000.0,1197.0,3850.0,1695.0,1530.0,5.0,42.0,Petrol,Manual,First,Individual,FWD,0
7500.0,2020.0,58736.0,1197.0,3850.0,1695.0,1530.0,5.0,42.0,Petrol,Manual,First,Individual,FWD,0
10080.0,2020.0,11000.0,1197.0,3840.0,1735.0,1530.0,5.0,37.0,Petrol,Manual,First,Individual,FWD,0
14100.0,2017.0,24000.0,1999.0,4620.0,1800.0,1465.0,5.0,50.0,Petrol,Automatic,First,Individual,FWD,0
39000.0,2019.0,41000.0,1968.0,4385.0,1831.0,1608.0,5.0,64.0,Diesel,Automatic,Second,Individual,AWD,2
33240.0,2019.0,32000.0,2157.0,4850.0,1960.0,1845.0,7.0,70.0,Diesel,Automatic,First,Individual,AWD,1
8220.0,2018.0,64300.0,1197.0,3995.0,1760.0,1555.0,5.0,40.0,Petrol,Manual,First,Individual,FWD,0
6480.0,2017.0,38700.0,1198.0,3990.0,1680.0,1505.0,5.0,35.0,Petrol,Manual,First,Individual,FWD,0
3000.0,2011.0,55000.0,1497.0,4420.0,1695.0,1480.0,5.0,42.0,Petrol,Manual,First,Individual,FWD,0
3900.0,2012.0,68000.0,1197.0,3995.0,1695.0,1555.0,5.0,42.0,Petrol,Manual,Second,Individual,FWD,0
6600.0,2016.0,83000.0,1598.0,4386.0,1699.0,1466.0,5.0,55.0,Diesel,Manual,First,Individual,FWD,1
29700.0,2020.0,11293.0,1956.0,4395.0,1818.0,1640.0,5.0,60.0,Diesel,Automatic,First,Individual,AWD,2
16500.0,2017.0,70000.0,1582.0,4270.0,1780.0,1630.0,5.0,60.0,Diesel,Automatic,First,Individual,FWD,0
10500.0,2019.0,70000.0,1493.0,3995.0,1745.0,1880.0,7.0,48.8,Diesel,Manual,Second,Individual,RWD,1
12600.0,2017.0,29386.0,1497.0,4440.0,1695.0,1495.0,5.0,40.0,Petrol,Automatic,Second,Individual,FWD,0
7500.0,2021.0,18000.0,998.0,3599.0,1495.0,1700.0,5.0,35.0,Otro,Manual,First,Individual,FWD,0
11880.0,2019.0,54572.0,1248.0,3995.0,1790.0,1640.0,5.0,48.0,Diesel,Manual,First,Individual,FWD,0
19800.0,2020.0,7000.0,1493.0,4300.0,1790.0,1635.0,5.0,50.0,Diesel,Manual,First,Individual,FWD,0
2808.0,2013.0,72600.0,998.0,3620.0,1475.0,1460.0,5.0,35.0,Petrol,Manual,First,Individual,FWD,0
2040.0,2009.0,135797.0,1086.0,3565.0,1595.0,1550.0,5.0,35.0,Petrol,Manual,Second,Individual,FWD,0
33300.0,2018.0,68189.0,1995.0,4633.0,1811.0,1429.0,5.0,57.0,Diesel,Automatic,First,Individual,RWD,3
7788.0,2020.0,52236.0,1197.0,3765.0,1660.0,1520.0,5.0,43.0,Petrol,Manual,First,Individual,FWD,0
33000.0,2019.0,56500.0,2143.0,4424.0,1804.0,1494.0,5.0,50.0,Diesel,Automatic,First,Individual,FWD,2
31200.0,2016.0,39000.0,1995.0,4899.0,2094.0,1464.0,5.0,65.0,Diesel,Automatic,First,Individual,RWD,3
4620.0,2013.0,72567.0,1498.0,3990.0,1680.0,1505.0,5.0,35.0,Diesel,Manual,First,Individual,FWD,0
14100.0,2012.0,77000.0,1968.0,4915.0,1874.0,1455.0,5.0,65.0,Diesel,Automatic,Second,Individual,FWD,2
18000.0,2021.0,31000.0,999.0,4221.0,1760.0,1612.0,5.0,50.0,Petrol,Automatic,First,Individual,FWD,0
4380.0,2014.0,76000.0,1197.0,3765.0,1660.0,1520.0,5.0,43.0,Petrol,Manual,First,Individual,FWD,0
16800.0,2020.0,94182.0,1968.0,4670.0,1814.0,1476.0,5.0,50.0,Diesel,Automatic,First,Individual,FWD,1
17700.0,2016.0,82000.0,2477.0,4695.0,1815.0,1840.0,7.0,70.0,Diesel,Automatic,First,Individual,RWD,1
2220.0,2012.0,55700.0,814.0,3495.0,1550.0,1500.0,5.0,32.0,Petrol,Manual,Second,Individual,FWD,0
15600.0,2013.0,50300.0,1995.0,4097.0,1789.0,1561.0,5.0,47.0,Diesel,Automatic,Second,Individual,FWD,4
13020.0,2018.0,8922.0,1198.0,3994.0,1811.0,1607.0,5.0,44.0,Petrol,Automatic,First,Individual,FWD,0
4140.0,2016.0,71000.0,1120.0,3765.0,1660.0,1520.0,5.0,43.0,Diesel,Manual,Second,Individual,FWD,0
3000.0,2017.0,132683.0,1498.0,4440.0,1695.0,1495.0,5.0,40.0,Diesel,Manual,First,Individual,FWD,0
29400.0,2017.0,25000.0,2143.0,4417.0,1804.0,1494.0,5.0,50.0,Diesel,Automatic,Second,Individual,FWD,2
5640.0,2013.0,66000.0,1582.0,4370.0,1700.0,1475.0,5.0,43.0,Diesel,Manual,Third,Individual,FWD,0
3660.0,2018.0,34800.0,799.0,3679.0,1579.0,1478.0,5.0,28.0,Petrol,Manual,First,Individual,FWD,0
32100.0,2016.0,28000.0,1991.0,4686.0,1810.0,1442.0,5.0,66.0,Petrol,Automatic,First,Individual,RWD,2
14280.0,2018.0,76000.0,1582.0,4270.0,1780.0,1630.0,5.0,60.0,Diesel,Automatic,First,Individual,FWD,0
7080.0,2015.0,39000.0,1373.0,4490.0,1730.0,1485.0,5.0,43.0,Petrol,Manual,First,Individual,FWD,0
40800.0,2019.0,48000.0,1968.0,4726.0,1842.0,1427.0,5.0,54.0,Diesel,Automatic,First,Individual,FWD,2
6119.988,2019.0,40000.0,1196.0,3675.0,1475.0,1800.0,7.0,40.0,Petrol,Manual,First,Individual,RWD,0
20748.0,2020.0,27000.0,1451.0,4655.0,1835.0,1760.0,5.0,60.0,Petrol,Automatic,First,Individual,FWD,2
10428.0,2021.0,8700.0,1199.0,3995.0,1695.0,1501.0,5.0,35.0,Petrol,Automatic,First,Individual,FWD,0
25788.0,2015.0,69000.0,1995.0,4936.0,1868.0,1479.0,5.0,65.0,Diesel,Automatic,First,Individual,RWD,3
9900.0,2010.0,114000.0,2982.0,4695.0,1840.0,1850.0,7.0,80.0,Diesel,Manual,Second,Individual,AWD,1
6300.0,2016.0,64928.0,1197.0,3850.0,1695.0,1530.0,5.0,42.0,Petrol,Manual,First,Individual,FWD,0
20279.988,2015.0,50000.0,1984.0,4370.0,1783.0,1458.0,5.0,60.0,Diesel,Automatic,Second,Individual,FWD,2
6540.0,2015.0,70000.0,1197.0,3995.0,1695.0,1555.0,5.0,42.0,Petrol,Manual,First,Individual,FWD,0
9600.0,2015.0,90000.0,1582.0,4270.0,1780.0,1630.0,5.0,60.0,Diesel,Manual,First,Individual,FWD,0
5519.988,2013.0,78000.0,1582.0,4370.0,1700.0,1475.0,5.0,43.0,Diesel,Manual,Second,Individual,FWD,0
4200.0,2014.0,111000.0,1199.0,3970.0,1682.0,1453.0,5.0,45.0,Diesel,Manual,Second,Individual,FWD,0
9480.0,2016.0,63088.0,1497.0,4440.0,1695.0,1495.0,5.0,40.0,Petrol,Manual,First,Individual,FWD,0
39600.0,2019.0,42475.0,3198.0,4903.0,1869.0,1837.0,7.0,80.0,Diesel,Automatic,First,Individual,AWD,0
5340.0,2018.0,71000.0,998.0,3600.0,1600.0,1560.0,5.0,35.0,Petrol,Manual,First,Individual,FWD,0
6060.0,2017.0,87150.0,1198.0,3990.0,1680.0,1505.0,5.0,35.0,Petrol,Manual,First,Corporate,FWD,0
10500.0,2018.0,23148.0,1496.0,4425.0,1730.0,1495.0,5.0,42.0,Petrol,Automatic,First,Individual,FWD,1
5460.0,2014.0,30183.0,1197.0,3995.0,1695.0,1555.0,5.0,42.0,Petrol,Manual,First,Individual,FWD,0
3240.0,2014.0,54420.0,998.0,3620.0,1475.0,1460.0,5.0,35.0,Petrol,Manual,First,Individual,FWD,0
18300.0,2015.0,49000.0,1968.0,4701.0,1826.0,1427.0,5.0,63.0,Diesel,Automatic,First,Individual,FWD,2
9000.0,2014.0,126000.0,2494.0,4585.0,1760.0,1760.0,7.0,55.0,Diesel,Manual,First,Individual,RWD,1
28740.0,2019.0,44876.0,1995.0,4475.0,1850.0,1660.0,5.0,62.0,Diesel,Automatic,First,Individual,FWD,0
15000.0,2012.0,78000.0,1995.0,4899.0,2094.0,1464.0,5.0,58.2,Diesel,Automatic,First,Individual,RWD,3
7500.0,2017.0,81000.0,1461.0,4315.0,1822.0,1695.0,5.0,50.0,Diesel,Manual,First,Individual,FWD,0
10260.0,2017.0,57000.0,1582.0,4375.0,1700.0,1475.0,5.0,43.0,Diesel,Manual,Second,Individual,FWD,0
17880.0,2018.0,68000.0,2179.0,4456.0,1820.0,1995.0,7.0,60.0,Diesel,Manual,Second,Individual,AWD,1
6840.0,2022.0,5000.0,1105.4,3655.0,1620.0,1675.0,5.0,32.0,Petrol,Manual,First,Individual,FWD,0
18600.0,2019.0,17000.0,1353.0,4315.0,1800.0,1645.0,5.0,50.0,Petrol,Manual,First,Individual,FWD,1
7668.0,2020.0,44300.0,998.0,3695.0,1600.0,1560.0,5.0,35.0,Petrol,Automatic,First,Individual,FWD,0
6600.0,2014.0,65000.0,1461.0,4331.0,1822.0,1671.0,5.0,50.0,Diesel,Manual,First,Individual,FWD,0
43200.0,2014.0,32000.0,2993.0,5252.0,1899.0,1457.0,5.0,83.0,Diesel,Automatic,Second,Individual,RWD,4
3720.0,2014.0,49000.0,1198.0,3610.0,1680.0,1500.0,5.0,35.0,Petrol,Manual,Second,Individual,FWD,0
4560.0,2013.0,35000.0,1461.0,4425.0,1695.0,1505.0,5.0,41.0,Diesel,Manual,First,Individual,FWD,0
4680.0,2014.0,46000.0,1197.0,3765.0,1660.0,1520.0,5.0,43.0,Petrol,Manual,First,Individual,FWD,0
6612.0,2021.0,19000.0,1086.0,3610.0,1645.0,1560.0,5.0,35.0,Petrol,Manual,First,Individual,FWD,0
6000.0,2015.0,50000.0,1248.0,3995.0,1695.0,1555.0,5.0,42.0,Diesel,Manual,Second,Individual,FWD,0
46800.0,2018.0,48945.0,1968.0,4933.0,1874.0,1455.0,5.0,75.0,Diesel,Automatic,First,Corporate,FWD,2
45300.0,2019.0,32963.0,1995.0,4454.0,2044.0,1545.0,5.0,63.0,Diesel,Automatic,First,Individual,RWD,3
3900.0,2012.0,30000.0,1197.0,3850.0,1695.0,1530.0,5.0,42.0,Petrol,Manual,First,Individual,FWD,0
3300.0,2009.0,80000.0,1497.0,4420.0,1695.0,1480.0,5.0,42.0,Petrol,Manual,First,Individual,FWD,0
5700.0,2021.0,7942.0,998.0,3565.0,1520.0,1564.0,5.0,27.0,Petrol,Manual,First,Individual,FWD,0
4908.0,2018.0,27069.0,1199.0,3746.0,1647.0,1535.0,5.0,35.0,Petrol,Manual,First,Individual,FWD,0
9300.0,2018.0,39000.0,1197.0,3995.0,1745.0,1510.0,5.0,37.0,Petrol,Automatic,First,Individual,FWD,0
12900.0,2019.0,28000.0,998.0,3995.0,1770.0,1605.0,5.0,45.0,Petrol,Automatic,First,Individual,FWD,0
6900.0,2017.0,35000.0,1248.0,3995.0,1695.0,1555.0,5.0,42.0,Diesel,Manual,First,Individual,FWD,0
8340.0,2016.0,68921.0,1248.0,3995.0,1745.0,1500.0,5.0,37.0,Diesel,Manual,First,Individual,FWD,0
7740.0,2013.0,76000.0,2494.0,4555.0,1770.0,1755.0,7.0,55.0,Diesel,Manual,Second,Individual,FWD,1
8940.0,2018.0,36000.0,1248.0,3995.0,1790.0,1640.0,5.0,48.0,Diesel,Manual,First,Individual,FWD,0
9000.0,2021.0,58000.0,1197.0,3995.0,1745.0,1500.0,5.0,37.0,Petrol,Manual,First,Individual,FWD,0
12600.0,2017.0,88757.0,2179.0,4788.0,1903.0,1791.0,6.0,60.0,Diesel,Manual,Second,Individual,RWD,0
9900.0,2015.0,75000.0,2199.0,4690.0,1880.0,1690.0,7.0,64.0,Diesel,Automatic,Second,Individual,AWD,0
20400.0,2021.0,17000.0,2184.0,3985.0,1820.0,1855.0,4.0,57.0,Diesel,Manual,First,Individual,AWD,1
3588.0,2017.0,65822.0,793.0,3600.0,1600.0,1560.0,5.0,35.0,Diesel,Manual,First,Individual,FWD,0
14400.0,2017.0,95785.0,2179.0,4788.0,1903.0,1791.0,7.0,60.0,Diesel,Automatic,First,Individual,RWD,0
4680.0,2018.0,66794.0,998.0,3599.0,1495.0,1700.0,5.0,35.0,Petrol,Manual,First,Individual,FWD,0
31080.0,2020.0,36978.0,1968.0,4456.0,1796.0,1416.0,5.0,50.0,Diesel,Automatic,Second,Individual,FWD,2
7068.0,2018.0,13772.0,1086.0,3610.0,1645.0,1560.0,5.0,35.0,Petrol,Automatic,First,Individual,FWD,0
22500.0,2021.0,21000.0,1493.0,4315.0,1800.0,1645.0,5.0,50.0,Diesel,Automatic,First,Individual,FWD,1
19200.0,2013.0,80000.0,2993.0,4899.0,2094.0,1464.0,5.0,65.0,Diesel,Automatic,Second,Individual,RWD,3
20340.0,2015.0,60000.0,1968.0,4385.0,1831.0,1608.0,5.0,64.0,Diesel,Automatic,Second,Individual,AWD,2
35400.0,2020.0,72000.0,2199.0,5115.0,1985.0,1755.0,7.0,60.0,Diesel,Automatic,First,Individual,FWD,1
3420.0,2016.0,17000.0,796.0,3395.0,1490.0,1475.0,5.0,35.0,Petrol,Manual,First,Individual,FWD,0
38388.0,2019.0,6900.0,1968.0,4861.0,1864.0,1483.0,5.0,66.0,Diesel,Automatic,First,Individual,FWD,1
6900.0,2013.0,72000.0,2179.0,4655.0,1965.0,1922.0,7.0,55.0,Diesel,Manual,Second,Individual,RWD,0
4140.0,2016.0,49857.0,998.0,3599.0,1495.0,1700.0,5.0,35.0,Petrol,Manual,First,Individual,FWD,0
8520.0,2018.0,72000.0,1598.0,4300.0,1765.0,1590.0,5.0,48.0,Diesel,Manual,First,Individual,FWD,0
12840.0,2021.0,8800.0,998.0,3995.0,1770.0,1605.0,5.0,45.0,Petrol,Manual,First,Individual,FWD,0
5988.0,2014.0,140000.0,1498.0,4440.0,1695.0,1495.0,5.0,40.0,Diesel,Manual,First,Individual,FWD,0
5340.0,2012.0,111000.0,1497.0,4440.0,1695.0,1485.0,5.0,42.0,Petrol,Manual,First,Individual,FWD,0
3300.0,2012.0,30000.0,998.0,3515.0,1500.0,1510.0,5.0,32.0,Petrol,Manual,First,Individual,FWD,0
17400.0,2013.0,70000.0,1995.0,4624.0,2031.0,1429.0,5.0,60.0,Diesel,Automatic,Second,Individual,RWD,3
6300.0,2018.0,78900.0,1120.0,3995.0,1660.0,1520.0,5.0,43.0,Diesel,Manual,First,Individual,FWD,0
12420.0,2018.0,36000.0,1582.0,4270.0,1780.0,1630.0,5.0,60.0,Diesel,Manual,First,Individual,FWD,0
21479.988,2017.0,49000.0,2694.0,4735.0,1830.0,1795.0,7.0,65.0,Petrol,Automatic,Second,Individual,RWD,1
5519.988,2016.0,82844.0,1186.0,3765.0,1660.0,1520.0,5.0,43.0,Diesel,Manual,First,Individual,FWD,0
16500.0,2012.0,98352.0,2982.0,4705.0,1840.0,1850.0,7.0,80.0,Diesel,Manual,First,Individual,RWD,1
5760.0,2016.0,50000.0,1198.0,3990.0,1680.0,1505.0,5.0,35.0,Petrol,Manual,First,Individual,FWD,0
8280.0,2017.0,61000.0,1248.0,3995.0,1745.0,1500.0,5.0,37.0,Diesel,Manual,First,Individual,FWD,0
7800.0,2017.0,62000.0,2523.0,4107.0,1745.0,1880.0,7.0,46.0,Diesel,Manual,First,Individual,RWD,1
6600.0,2015.0,44000.0,1497.0,4440.0,1695.0,1495.0,5.0,40.0,Petrol,Manual,First,Individual,FWD,0
7140.0,2017.0,99000.0,1199.0,3955.0,1694.0,1544.0,5.0,40.0,Petrol,Automatic,First,Individual,FWD,0
6960.0,2011.0,117000.0,2179.0,4430.0,1817.0,1975.0,7.0,60.0,Diesel,Manual,Second,Individual,AWD,1
23400.0,2018.0,69000.0,2393.0,4735.0,1830.0,1795.0,7.0,55.0,Diesel,Manual,First,Individual,RWD,1
22200.0,2020.0,7000.0,1353.0,4315.0,1800.0,1645.0,5.0,50.0,Petrol,Automatic,First,Individual,FWD,1
6948.0,2019.0,50860.0,1197.0,3655.0,1620.0,1675.0,5.0,32.0,Petrol,Manual,First,Individual,FWD,0
6900.0,2019.0,31000.0,998.0,3655.0,1620.0,1675.0,5.0,60.0,Otro,Manual,First,Individual,FWD,0
40800.0,2019.0,11000.0,1995.0,4454.0,2044.0,1545.0,5.0,63.0,Diesel,Automatic,First,Individual,RWD,3
3120.0,2012.0,54000.0,998.0,3620.0,1475.0,1460.0,5.0,35.0,Petrol,Manual,First,Individual,FWD,0
6720.0,2013.0,37000.0,1248.0,3995.0,1695.0,1555.0,5.0,42.0,Diesel,Manual,First,Individual,FWD,0
9000.0,2017.0,48069.0,1197.0,3995.0,1695.0,1555.0,5.0,42.0,Petrol,Automatic,First,Individual,FWD,0
7140.0,2019.0,48000.0,1197.0,3985.0,1734.0,1505.0,5.0,40.0,Petrol,Manual,First,Individual,FWD,0
22500.0,2021.0,28000.0,1956.0,4661.0,1894.0,1786.0,7.0,50.0,Diesel,Manual,First,Individual,FWD,0
15000.0,2017.0,60200.0,1368.0,4395.0,1818.0,1640.0,5.0,60.0,Petrol,Automatic,First,Corporate,FWD,2
9600.0,2022.0,10000.0,1197.0,3845.0,1735.0,1530.0,5.0,37.0,Petrol,Manual,First,Individual,FWD,0
3000.0,2014.0,114000.0,998.0,3620.0,1475.0,1460.0,5.0,35.0,Petrol,Manual,Second,Individual,FWD,0
3360.0,2011.0,54000.0,998.0,3539.0,1475.0,1700.0,5.0,35.0,Otro,Manual,First,Individual,FWD,0
14940.0,2021.0,10530.0,998.0,3995.0,1775.0,1505.0,5.0,37.0,Petrol,Automatic,First,Individual,FWD,0
15600.0,1988.0,71000.0,1991.0,5063.0,1860.0,1494.0,5.0,80.0,Petrol,Automatic,Third,Individual,RWD,2
10200.0,2018.0,37093.0,1248.0,3995.0,1790.0,1640.0,5.0,48.0,Diesel,Manual,First,Individual,FWD,0
8100.0,2016.0,49148.0,1373.0,4265.0,1695.0,1685.0,7.0,45.0,Petrol,Automatic,Second,Individual,FWD,0
6300.0,2014.0,102000.0,1197.0,3995.0,1695.0,1555.0,5.0,42.0,Petrol,Manual,Second,Individual,FWD,0
7140.0,2017.0,44100.0,1197.0,3995.0,1695.0,1555.0,5.0,42.0,Petrol,Automatic,First,Corporate,FWD,0
5100.0,2015.0,48000.0,1197.0,3765.0,1660.0,1520.0,5.0,43.0,Petrol,Manual,First,Individual,FWD,0
7500.0,2016.0,68000.0,1197.0,3971.0,1682.0,1469.0,5.0,45.0,Petrol,Automatic,First,Individual,FWD,0
9240.0,2019.0,27500.0,1493.0,3995.0,1745.0,1880.0,7.0,41.8,Diesel,Manual,First,Individual,RWD,1
9000.0,2017.0,72000.0,1396.0,3995.0,1760.0,1555.0,5.0,45.0,Diesel,Manual,First,Individual,FWD,0
6480.0,2019.0,34000.0,998.0,3695.0,1600.0,1560.0,5.0,35.0,Petrol,Manual,First,Individual,FWD,0
4500.0,2015.0,64000.0,998.0,3599.0,1495.0,1700.0,5.0,35.0,Otro,Manual,First,Individual,FWD,0
34200.0,2016.0,21200.0,2143.0,4686.0,1810.0,1442.0,5.0,66.0,Diesel,Automatic,First,Individual,RWD,2
6360.0,2020.0,5923.0,1248.0,3995.0,1706.0,1570.0,5.0,44.0,Diesel,Manual,First,Commercial Registration,FWD,0
1692.0,2009.0,56400.0,1086.0,3565.0,1525.0,1590.0,5.0,35.0,Petrol,Manual,Third,Individual,FWD,0
4740.0,2014.0,47884.0,998.0,3600.0,1600.0,1560.0,5.0,35.0,Petrol,Automatic,First,Individual,FWD,0
10380.0,2017.0,49013.0,1497.0,4440.0,1695.0,1495.0,5.0,40.0,Petrol,Automatic,First,Individual,FWD,0
25140.0,2021.0,23000.0,1956.0,4598.0,1894.0,1706.0,5.0,50.0,Diesel,Manual,First,Individual,FWD,0
17400.0,2014.0,45000.0,2143.0,4596.0,1770.0,1447.0,5.0,66.0,Diesel,Automatic,First,Individual,RWD,2
18960.0,2020.0,57000.0,1630.0,4395.0,1818.0,1640.0,5.0,60.0,Diesel,Manual,First,Individual,FWD,2
10139.988,2018.0,71000.0,1582.0,4375.0,1700.0,1475.0,5.0,43.0,Diesel,Manual,Second,Individual,FWD,0
38400.0,2017.0,10500.0,1998.0,3850.0,1727.0,1414.0,4.0,44.0,Petrol,Automatic,First,Individual,FWD,4
4500.0,2016.0,35134.0,1198.0,3610.0,1680.0,1500.0,5.0,35.0,Petrol,Manual,First,Individual,FWD,0
9900.0,2019.0,25500.0,1248.0,3995.0,1790.0,1640.0,5.0,48.0,Diesel,Manual,First,Individual,FWD,0
6240.0,2015.0,42000.0,1198.0,3955.0,1694.0,1544.0,5.0,40.0,Petrol,Automatic,First,Individual,FWD,0
11100.0,2016.0,66000.0,1582.0,4270.0,1780.0,1630.0,5.0,60.0,Diesel,Automatic,First,Individual,FWD,0
5519.988,2018.0,22541.0,999.0,3679.0,1579.0,1478.0,5.0,28.0,Petrol,Manual,First,Individual,FWD,0
14340.0,2010.0,74000.0,2497.0,4841.0,1846.0,1468.0,5.0,70.0,Diesel,Automatic,Second,Individual,FWD,3
27000.0,2020.0,24549.0,2393.0,4735.0,1830.0,1795.0,7.0,55.0,Diesel,Manual,Second,Individual,RWD,1
3588.0,2015.0,92000.0,998.0,3599.0,1495.0,1700.0,5.0,35.0,Otro,Manual,Second,Individual,FWD,0
5100.0,2013.0,96000.0,2179.0,4655.0,1965.0,1922.0,7.0,55.0,Diesel,Manual,First,Individual,RWD,0
6960.0,2017.0,39000.0,1199.0,3999.0,1734.0,1601.0,5.0,40.0,Petrol,Manual,First,Corporate,FWD,0
15120.0,2018.0,36000.0,1591.0,4270.0,1780.0,1665.0,5.0,55.0,Petrol,Automatic,First,Individual,FWD,0
17940.0,2017.0,28000.0,1798.0,4670.0,1814.0,1476.0,5.0,50.0,Petrol,Automatic,First,Individual,FWD,1
2820.0,2011.0,54000.0,1368.0,4560.0,1730.0,1487.0,5.0,45.0,Petrol,Manual,First,Individual,FWD,0
6252.0,2017.0,40879.0,1197.0,3700.0,1690.0,1595.0,5.0,32.0,Petrol,Automatic,First,Individual,FWD,0
7500.0,2017.0,23798.0,1199.0,3999.0,1734.0,1601.0,5.0,40.0,Petrol,Manual,First,Individual,FWD,0
3300.0,2011.0,42000.0,998.0,3595.0,1475.0,1700.0,5.0,28.0,Otro,Manual,Second,Individual,FWD,0
17700.0,2020.0,78000.0,2179.0,4456.0,1820.0,1995.0,7.0,60.0,Diesel,Manual,First,Individual,RWD,1
5400.0,2017.0,75000.0,1197.0,3995.0,1695.0,1555.0,5.0,42.0,Petrol,Manual,First,Commercial Registration,FWD,0
8400.0,2020.0,25000.0,1197.0,3995.0,1775.0,1505.0,5.0,37.0,Petrol,Manual,First,Individual,FWD,0
10200.0,2019.0,72000.0,1248.0,4296.0,1695.0,1685.0,7.0,45.0,Diesel,Manual,First,Individual,FWD,0
5160.0,2016.0,26600.0,998.0,3599.0,1495.0,1700.0,5.0,35.0,Otro,Manual,First,Individual,FWD,0
22500.0,2020.0,18000.0,1353.0,4300.0,1790.0,1635.0,5.0,50.0,Petrol,Automatic,First,Individual,FWD,0
4080.0,2017.0,6000.0,1461.0,3805.0,1665.0,1525.0,5.0,41.0,Diesel,Manual,First,Individual,FWD,0
5400.0,2016.0,48200.0,1197.0,3850.0,1695.0,1530.0,5.0,42.0,Petrol,Manual,Second,Individual,FWD,0
9000.0,2011.0,117000.0,2982.0,4695.0,1840.0,1850.0,7.0,80.0,Diesel,Manual,Second,Individual,AWD,1
13200.0,2018.0,65954.0,1582.0,4270.0,1780.0,1665.0,5.0,55.0,Diesel,Manual,First,Individual,FWD,0
20220.0,2016.0,80251.0,1968.0,4385.0,1831.0,1608.0,5.0,64.0,Diesel,Automatic,Second,Individual,AWD,2
4548.0,2018.0,29434.0,1047.0,3746.0,1647.0,1535.0,5.0,35.0,Petrol,Manual,Second,Individual,FWD,0
43080.0,2020.0,19759.0,1496.0,3982.0,1727.0,1425.0,5.0,44.0,Diesel,Automatic,First,Individual,FWD,4
9348.0,2016.0,9889.0,1197.0,3985.0,1734.0,1505.0,5.0,45.0,Petrol,Manual,First,Individual,FWD,0
11700.0,2018.0,53300.0,1591.0,4440.0,1729.0,1475.0,5.0,45.0,Petrol,Automatic,First,Individual,FWD,0
3000.0,2012.0,54556.0,1197.0,3585.0,1595.0,1550.0,5.0,35.0,Petrol,Manual,First,Individual,FWD,0
30000.0,2018.0,90000.0,2143.0,4424.0,1804.0,1494.0,5.0,50.0,Diesel,Automatic,Second,Individual,FWD,2
33600.0,2016.0,93000.0,2755.0,4795.0,1855.0,1835.0,7.0,80.0,Diesel,Automatic,First,Individual,RWD,1
4740.0,2017.0,46992.0,1199.0,3746.0,1647.0,1535.0,5.0,35.0,Petrol,Manual,First,Individual,FWD,0
5100.0,2013.0,26000.0,1248.0,3850.0,1695.0,1530.0,5.0,42.0,Diesel,Manual,First,Individual,FWD,0
15540.0,2018.0,30000.0,1591.0,4270.0,1780.0,1665.0,5.0,55.0,Petrol,Automatic,First,Individual,FWD,0
3780.0,2013.0,72000.0,998.0,3539.0,1475.0,1700.0,5.0,35.0,Otro,Manual,First,Individual,FWD,0
5100.0,2014.0,75000.0,1498.0,4440.0,1695.0,1495.0,5.0,40.0,Diesel,Manual,First,Individual,FWD,0
33600.0,2017.0,15900.0,1998.0,4633.0,1811.0,1429.0,5.0,57.0,Petrol,Automatic,First,Individual,RWD,3
9300.0,2014.0,125000.0,2179.0,4456.0,1820.0,1995.0,8.0,60.0,Diesel,Manual,First,Individual,RWD,1
5400.0,2016.0,45000.0,1197.0,3850.0,1695.0,1530.0,5.0,42.0,Petrol,Manual,First,Individual,FWD,0
3540.0,2014.0,62500.0,1498.0,3990.0,1680.0,1505.0,5.0,35.0,Diesel,Manual,First,Individual,FWD,0
30600.0,2013.0,65000.0,2995.0,5247.0,2110.0,1448.0,5.0,83.0,Petrol,Automatic,Second,Individual,RWD,4
7320.0,2017.0,38674.0,1197.0,3995.0,1695.0,1555.0,5.0,42.0,Petrol,Manual,First,Individual,FWD,0
24000.0,2014.0,82000.0,1995.0,4624.0,2031.0,1429.0,5.0,68.4,Diesel,Automatic,First,Individual,RWD,3
8100.0,2017.0,48591.0,1197.0,3985.0,1734.0,1505.0,5.0,45.0,Petrol,Manual,First,Individual,FWD,0
33600.0,2017.0,49000.0,2755.0,4795.0,1855.0,1835.0,7.0,80.0,Diesel,Automatic,Second,Individual,AWD,1
7320.0,2022.0,3800.0,998.0,3565.0,1520.0,1564.0,4.0,55.0,Otro,Manual,First,Individual,FWD,0
9300.0,2019.0,80849.0,1248.0,3840.0,1735.0,1530.0,5.0,37.0,Diesel,Manual,First,Individual,FWD,0
1740.0,2009.0,88000.0,1399.0,4145.0,1632.0,1440.0,5.0,43.0,Diesel,Manual,First,Individual,FWD,0
16788.0,2021.0,11000.0,1497.0,4315.0,1800.0,1645.0,5.0,50.0,Petrol,Manual,First,Individual,FWD,1
20520.0,2020.0,12400.0,1956.0,4655.0,1835.0,1760.0,5.0,60.0,Diesel,Manual,First,Individual,FWD,2
10439.988,2017.0,70000.0,1582.0,4270.0,1780.0,1630.0,5.0,60.0,Diesel,Manual,First,Individual,FWD,0
6000.0,2016.0,54440.0,1199.0,3955.0,1694.0,1544.0,5.0,40.0,Petrol,Manual,First,Individual,FWD,0
42000.0,2021.0,7900.0,1996.0,4985.0,1926.0,1867.0,6.0,75.0,Diesel,Automatic,First,Individual,AWD,2
17400.0,2014.0,58000.0,1968.0,4915.0,1874.0,1455.0,5.0,65.0,Diesel,Automatic,Second,Individual,FWD,2
5460.0,2014.0,50000.0,1499.0,3999.0,1765.0,1708.0,5.0,52.0,Petrol,Manual,Second,Individual,FWD,0
4140.0,2017.0,72019.0,998.0,3599.0,1495.0,1700.0,5.0,35.0,Petrol,Manual,Second,Individual,FWD,0
13560.0,2020.0,12905.0,998.0,3995.0,1775.0,1505.0,5.0,37.0,Petrol,Manual,First,Individual,FWD,0
12960.0,2021.0,38000.0,1373.0,4296.0,1695.0,1685.0,7.0,45.0,Otro,Manual,First,Individual,FWD,0
4428.0,2017.0,16800.0,998.0,3545.0,1490.0,1475.0,5.0,35.0,Petrol,Manual,First,Individual,FWD,0
27000.0,2016.0,40500.0,1968.0,4456.0,1796.0,1416.0,5.0,50.0,Diesel,Automatic,First,Individual,FWD,2
17820.0,2020.0,10000.0,1616.0,3993.0,1811.0,1606.0,5.0,50.4,Otro,Automatic,First,Individual,FWD,0
14700.0,2022.0,16000.0,1462.0,4445.0,1775.0,1700.0,6.0,45.0,Petrol,Manual,First,Individual,FWD,0
6588.0,2012.0,143000.0,2179.0,4585.0,1890.0,1785.0,7.0,70.0,Diesel,Manual,First,Individual,FWD,1
9000.0,2018.0,75000.0,1498.0,4440.0,1695.0,1495.0,5.0,40.0,Diesel,Manual,First,Individual,FWD,0
8388.0,2019.0,53929.0,999.0,3971.0,1682.0,1469.0,5.0,45.0,Petrol,Manual,First,Individual,FWD,0
2880.0,2013.0,73000.0,1196.0,3795.0,1680.0,1427.0,5.0,45.0,Petrol,Manual,First,Individual,FWD,0
4500.0,2014.0,35000.0,998.0,3600.0,1600.0,1560.0,5.0,35.0,Petrol,Automatic,First,Individual,FWD,0
7620.0,2016.0,72200.0,1498.0,4440.0,1695.0,1495.0,5.0,40.0,Diesel,Manual,First,Individual,FWD,0
3828.0,2018.0,89059.0,799.0,3679.0,1579.0,1478.0,5.0,28.0,Petrol,Manual,First,Individual,FWD,0
9600.0,2015.0,25000.0,2179.0,4585.0,1890.0,1785.0,7.0,70.0,Diesel,Manual,First,Corporate,FWD,1
35880.0,2018.0,34000.0,1995.0,4454.0,2044.0,1545.0,5.0,63.0,Diesel,Automatic,First,Corporate,RWD,3
22200.0,2011.0,26000.0,3498.0,5226.0,2120.0,1479.0,5.0,90.0,Petrol,Automatic,First,Individual,RWD,2
11520.0,2016.0,37079.0,1591.0,4270.0,1780.0,1630.0,5.0,60.0,Petrol,Automatic,First,Individual,FWD,0
6119.988,2019.0,30858.0,1086.0,3610.0,1645.0,1560.0,5.0,35.0,Petrol,Manual,First,Individual,FWD,0
7500.0,2015.0,45000.0,1248.0,4265.0,1695.0,1685.0,7.0,45.0,Diesel,Manual,Second,Individual,FWD,0
22787.988,2015.0,47000.0,1991.0,4630.0,1777.0,1432.0,5.0,53.4,Petrol,Automatic,Second,Individual,FWD,2
4212.0,2014.0,39276.0,1198.0,3610.0,1680.0,1500.0,5.0,35.0,Petrol,Manual,First,Individual,FWD,0
7680.0,2016.0,50800.0,1373.0,4490.0,1730.0,1485.0,5.0,43.0,Petrol,Manual,First,Individual,FWD,0
4800.0,2015.0,41273.0,1495.0,4250.0,1670.0,1370.0,5.0,45.0,Petrol,Manual,First,Individual,FWD,0
7200.0,2018.0,54000.0,1197.0,3850.0,1695.0,1530.0,5.0,42.0,Petrol,Manual,First,Individual,FWD,0
8292.0,2019.0,16652.0,1197.0,3995.0,1735.0,1515.0,5.0,37.0,Petrol,Manual,First,Individual,FWD,0
5880.0,2015.0,98000.0,1461.0,4315.0,1822.0,1695.0,5.0,50.0,Diesel,Manual,Second,Individual,FWD,0
3540.0,2009.0,70200.0,1497.0,4420.0,1695.0,1480.0,5.0,42.0,Petrol,Automatic,Second,Individual,FWD,0
11939.988,2019.0,27900.0,1462.0,4445.0,1775.0,1700.0,6.0,45.0,Petrol,Manual,First,Individual,FWD,0
5580.0,2014.0,25704.0,1197.0,3850.0,1695.0,1530.0,5.0,42.0,Petrol,Manual,First,Individual,FWD,0
5400.0,2016.0,47000.0,1197.0,3765.0,1660.0,1520.0,5.0,43.0,Petrol,Manual,Second,Individual,FWD,0
6420.0,2020.0,4295.0,998.0,3636.0,1475.0,1670.0,5.0,35.0,Petrol,Manual,First,Individual,FWD,0
21000.0,2014.0,101000.0,2982.0,4705.0,1840.0,1850.0,7.0,80.0,Diesel,Automatic,First,Individual,RWD,1
4380.0,2009.0,140000.0,1248.0,4160.0,1690.0,1530.0,5.0,43.0,Diesel,Manual,Second,Individual,FWD,0
4919.988,2021.0,13424.0,796.0,3445.0,1515.0,1475.0,5.0,35.0,Petrol,Manual,First,Individual,FWD,0
8700.0,2018.0,42000.0,1248.0,3995.0,1790.0,1640.0,5.0,48.0,Diesel,Manual,First,Individual,FWD,0
6780.0,2014.0,100472.0,1948.0,4810.0,1918.0,1925.0,7.0,65.0,Diesel,Manual,First,Individual,FWD,0
6588.0,2015.0,61900.0,1197.0,3985.0,1734.0,1505.0,5.0,45.0,Petrol,Manual,First,Individual,FWD,0
2820.0,2014.0,82000.0,1399.0,3795.0,1680.0,1427.0,5.0,45.0,Diesel,Manual,Second,Individual,FWD,0
28800.0,2017.0,59267.0,1968.0,4726.0,1842.0,1427.0,5.0,54.0,Diesel,Automatic,First,Individual,FWD,2
6720.0,2016.0,75210.0,1396.0,3985.0,1734.0,1505.0,5.0,40.0,Diesel,Manual,First,Individual,FWD,0
20220.0,2017.0,28600.0,1798.0,4659.0,1814.0,1476.0,5.0,50.0,Petrol,Automatic,First,Individual,FWD,1
4800.0,2019.0,22000.0,998.0,3545.0,1490.0,1475.0,5.0,35.0,Petrol,Manual,First,Individual,FWD,0
9900.0,2021.0,43000.0,1493.0,3995.0,1775.0,1505.0,5.0,37.0,Diesel,Manual,First,Individual,FWD,0
17880.0,2018.0,50000.0,2179.0,4585.0,1890.0,1785.0,7.0,70.0,Diesel,Manual,First,Individual,FWD,1
6300.0,2014.0,64000.0,1582.0,4370.0,1700.0,1475.0,5.0,43.0,Diesel,Manual,Second,Individual,FWD,0
5340.0,2016.0,63882.0,1198.0,3990.0,1680.0,1505.0,5.0,35.0,Petrol,Manual,First,Individual,FWD,0
34800.0,2019.0,15529.0,1968.0,4456.0,1796.0,1416.0,5.0,50.0,Diesel,Automatic,First,Individual,FWD,2
10200.0,2018.0,83000.0,1493.0,3995.0,1745.0,1880.0,7.0,53.0,Diesel,Manual,First,Individual,RWD,1
7440.0,2016.0,64906.0,1248.0,4296.0,1695.0,1685.0,7.0,45.0,Diesel,Manual,First,Individual,FWD,0
3228.0,2009.0,85000.0,1497.0,4420.0,1695.0,1480.0,5.0,42.0,Petrol,Manual,Second,Individual,FWD,0
7500.0,2016.0,72114.0,1396.0,3985.0,1734.0,1505.0,5.0,45.0,Diesel,Manual,First,Individual,FWD,0
10800.0,2020.0,23000.0,998.0,3995.0,1770.0,1605.0,5.0,45.0,Petrol,Manual,First,Individual,FWD,0
3900.0,2010.0,82202.0,1248.0,4160.0,1690.0,1530.0,5.0,43.0,Diesel,Manual,Second,Individual,FWD,0
23400.0,2020.0,28584.0,1451.0,4720.0,1835.0,1760.0,6.0,60.0,Petrol,Automatic,First,Individual,FWD,2
2400.0,2013.0,57000.0,1086.0,3565.0,1525.0,1590.0,5.0,35.0,Otro,Manual,First,Individual,FWD,0
4620.0,2013.0,79287.0,1197.0,3995.0,1710.0,1505.0,5.0,45.0,Petrol,Manual,First,Individual,FWD,0
8700.0,2018.0,65000.0,1497.0,3994.0,1811.0,1607.0,5.0,44.0,Diesel,Manual,Second,Individual,FWD,0
7932.0,2021.0,14366.0,1197.0,3845.0,1735.0,1530.0,5.0,37.0,Petrol,Manual,First,Individual,FWD,0
4919.988,2014.0,68000.0,1396.0,3940.0,1710.0,1505.0,5.0,45.0,Diesel,Manual,First,Individual,FWD,0
17880.0,2021.0,11000.0,1498.0,4440.0,1695.0,1495.0,5.0,40.0,Diesel,Manual,First,Individual,FWD,0
9420.0,2017.0,44000.0,1493.0,3995.0,1835.0,1839.0,7.0,60.0,Diesel,Manual,First,Individual,RWD,1
22500.0,2011.0,72000.0,4663.0,5246.0,1899.0,1494.0,4.0,80.0,Petrol,Automatic,First,Individual,RWD,2
28560.0,2019.0,36000.0,1968.0,4456.0,1796.0,1416.0,5.0,50.0,Diesel,Automatic,Second,Individual,FWD,2
4980.0,2014.0,70000.0,1461.0,4315.0,1822.0,1695.0,5.0,50.0,Diesel,Manual,First,Individual,FWD,0
9120.0,2018.0,20251.0,1198.0,3994.0,1811.0,1607.0,5.0,44.0,Petrol,Manual,First,Individual,FWD,0
3720.0,2015.0,67738.0,998.0,3599.0,1495.0,1700.0,5.0,35.0,Otro,Manual,Second,Individual,FWD,0
4680.0,2014.0,57000.0,1197.0,3765.0,1660.0,1520.0,5.0,43.0,Petrol,Manual,First,Individual,FWD,0
7020.0,2017.0,24100.0,1199.0,3955.0,1694.0,1544.0,5.0,40.0,Petrol,Manual,First,Individual,FWD,0
5519.988,2016.0,61223.0,1197.0,3765.0,1660.0,1520.0,5.0,43.0,Petrol,Manual,First,Individual,FWD,0
6720.0,2017.0,36000.0,1197.0,3700.0,1690.0,1595.0,5.0,32.0,Petrol,Automatic,First,Individual,FWD,0
11639.988,2016.0,39000.0,1248.0,4296.0,1695.0,1685.0,7.0,45.0,Diesel,Manual,First,Individual,FWD,0
3240.0,2015.0,64000.0,1196.0,3795.0,1680.0,1427.0,5.0,45.0,Petrol,Manual,First,Individual,FWD,0
17940.0,2014.0,85000.0,2982.0,4705.0,1840.0,1850.0,7.0,80.0,Diesel,Automatic,First,Individual,RWD,1
8580.0,2020.0,17000.0,1197.0,3805.0,1680.0,1520.0,5.0,37.0,Petrol,Automatic,First,Individual,FWD,0
16500.0,2011.0,62000.0,1968.0,4701.0,1826.0,1427.0,5.0,63.0,Diesel,Automatic,First,Individual,FWD,2
10080.0,2020.0,7000.0,1197.0,3995.0,1745.0,1500.0,5.0,37.0,Petrol,Automatic,First,Individual,FWD,0
3900.0,2013.0,53000.0,1198.0,3970.0,1682.0,1453.0,5.0,45.0,Petrol,Manual,Second,Individual,FWD,0
35400.0,2018.0,17300.0,1968.0,4456.0,1796.0,1416.0,5.0,50.0,Diesel,Automatic,First,Individual,FWD,2
6240.0,2018.0,46000.0,1248.0,3995.0,1695.0,1555.0,5.0,42.0,Diesel,Manual,First,Individual,FWD,0
8580.0,2019.0,31552.0,1197.0,3995.0,1735.0,1515.0,5.0,37.0,Petrol,Automatic,First,Individual,FWD,0
2640.0,2009.0,126535.0,1197.0,3565.0,1595.0,1550.0,5.0,35.0,Petrol,Manual,First,Individual,FWD,0
17880.0,2019.0,57600.0,1353.0,4315.0,1800.0,1645.0,5.0,50.0,Petrol,Automatic,First,Individual,FWD,1
6900.0,2013.0,82000.0,1998.0,4555.0,1770.0,1755.0,8.0,55.0,Petrol,Manual,UnRegistered Car,Individual,FWD,1
10500.0,2016.0,62125.0,1582.0,4270.0,1780.0,1630.0,5.0,60.0,Diesel,Manual,First,Individual,FWD,0
10500.0,2014.0,100000.0,2179.0,4456.0,1820.0,1995.0,8.0,60.0,Diesel,Manual,Second,Individual,RWD,1
27300.0,2015.0,78362.0,1995.0,4624.0,2031.0,1429.0,5.0,60.0,Diesel,Automatic,First,Individual,RWD,3
30000.0,2017.0,82900.0,1968.0,4861.0,1864.0,1483.0,5.0,66.0,Diesel,Automatic,First,Individual,FWD,1
14280.0,2020.0,47248.0,1462.0,4445.0,1775.0,1700.0,6.0,45.0,Petrol,Automatic,First,Individual,FWD,0
3120.0,2013.0,89000.0,998.0,3539.0,1475.0,1700.0,5.0,35.0,Otro,Manual,First,Individual,FWD,0
5940.0,2019.0,46000.0,1086.0,3610.0,1645.0,1560.0,5.0,60.0,Otro,Manual,First,Individual,FWD,0
27000.0,2014.0,88000.0,1995.0,4899.0,2094.0,1464.0,5.0,65.6,Diesel,Automatic,Third,Individual,RWD,3
5880.0,2015.0,50000.0,1198.0,3971.0,1682.0,1469.0,5.0,45.0,Petrol,Manual,First,Individual,FWD,0
8700.0,2017.0,42000.0,1248.0,4296.0,1695.0,1685.0,7.0,45.0,Diesel,Manual,First,Individual,FWD,0
10739.988,2018.0,21365.0,1197.0,3995.0,1745.0,1510.0,5.0,37.0,Petrol,Automatic,First,Individual,FWD,0
21000.0,2015.0,99000.0,2143.0,4417.0,1804.0,1494.0,5.0,50.0,Diesel,Automatic,Second,Individual,FWD,2
26280.0,2017.0,30000.0,2393.0,4735.0,1830.0,1795.0,7.0,55.0,Diesel,Manual,First,Individual,RWD,1
7536.0,2018.0,53848.0,1199.0,3995.0,1695.0,1501.0,5.0,35.0,Petrol,Manual,First,Individual,FWD,0
13140.0,2017.0,39000.0,1591.0,4270.0,1780.0,1630.0,5.0,60.0,Petrol,Automatic,Second,Individual,FWD,0
11880.0,2015.0,98000.0,2494.0,4585.0,1765.0,1760.0,7.0,55.0,Diesel,Manual,First,Individual,RWD,1
10500.0,2018.0,24000.0,2498.0,3920.0,1726.0,1930.0,6.0,60.0,Diesel,Manual,First,Individual,AWD,1
2400.0,2014.0,56000.0,1120.0,3995.0,1660.0,1520.0,5.0,43.0,Diesel,Manual,Third,Individual,FWD,0
11880.0,2019.0,21894.0,1462.0,4395.0,1735.0,1690.0,7.0,45.0,Petrol,Automatic,First,Individual,FWD,0
4200.0,2013.0,78000.0,1598.0,4384.0,1699.0,1466.0,5.0,55.0,Diesel,Manual,Second,Individual,FWD,0
8100.0,2017.0,125372.0,1248.0,4300.0,1765.0,1590.0,5.0,48.0,Diesel,Manual,First,Individual,FWD,0
17052.0,2017.0,75000.0,2393.0,4735.0,1830.0,1795.0,7.0,55.0,Diesel,Manual,Second,Individual,RWD,1
4380.0,2010.0,58424.0,1497.0,4420.0,1695.0,1480.0,5.0,42.0,Petrol,Manual,First,Individual,FWD,0
9839.988,2020.0,30000.0,1396.0,3985.0,1734.0,1505.0,5.0,45.0,Diesel,Manual,First,Individual,FWD,0
5640.0,2016.0,74000.0,1197.0,3995.0,1695.0,1555.0,5.0,42.0,Petrol,Manual,First,Individual,FWD,0
34800.0,2019.0,25000.0,1995.0,4454.0,2044.0,1545.0,5.0,63.0,Diesel,Automatic,First,Individual,RWD,3
3600.0,2010.0,83359.0,1799.0,4545.0,1750.0,1450.0,5.0,50.0,Petrol,Manual,First,Individual,FWD,0
5219.988,2012.0,76148.0,1396.0,3940.0,1710.0,1505.0,5.0,45.0,Diesel,Manual,First,Individual,FWD,0
26700.0,2015.0,31000.0,1991.0,4686.0,1810.0,1442.0,5.0,66.0,Petrol,Automatic,First,Individual,RWD,2
25200.0,2017.0,112000.0,2393.0,4735.0,1830.0,1795.0,7.0,55.0,Diesel,Manual,First,Individual,RWD,1
11820.0,2017.0,68000.0,2179.0,4456.0,1820.0,1995.0,8.0,60.0,Diesel,Manual,First,Individual,RWD,1
6780.0,2017.0,64000.0,1373.0,4490.0,1730.0,1485.0,5.0,43.0,Petrol,Manual,First,Individual,FWD,0
6480.0,2015.0,76000.0,1498.0,4440.0,1695.0,1495.0,5.0,40.0,Diesel,Manual,First,Individual,FWD,0
19800.0,2014.0,55000.0,1968.0,4456.0,1796.0,1416.0,5.0,50.0,Diesel,Automatic,First,Individual,FWD,2
2268.0,2008.0,19759.0,796.0,3495.0,1475.0,1460.0,5.0,35.0,Petrol,Manual,First,Individual,FWD,0
7140.0,2015.0,72000.0,1497.0,4440.0,1695.0,1495.0,5.0,40.0,Petrol,Manual,First,Individual,FWD,0
4200.0,2013.0,34000.0,1197.0,3775.0,1695.0,1510.0,5.0,45.0,Petrol,Manual,First,Individual,FWD,1
6840.0,2019.0,13000.0,1197.0,3850.0,1695.0,1530.0,5.0,42.0,Petrol,Manual,First,Individual,FWD,0
5100.0,2015.0,11628.0,1197.0,3995.0,1660.0,1520.0,5.0,43.0,Petrol,Manual,First,Individual,FWD,0
4800.0,2011.0,80000.0,1991.0,4597.0,1788.0,1477.0,5.0,60.0,Diesel,Manual,Third,Individual,FWD,0
8760.0,2017.0,80000.0,1248.0,3995.0,1790.0,1640.0,5.0,48.0,Diesel,Manual,First,Individual,FWD,0
3300.0,2014.0,83000.0,814.0,3495.0,1550.0,1500.0,5.0,32.0,Petrol,Manual,Second,Individual,FWD,0
6420.0,2020.0,41441.0,1196.0,3675.0,1475.0,1800.0,5.0,40.0,Petrol,Manual,First,Individual,RWD,0
5100.0,2021.0,38848.0,998.0,3565.0,1520.0,1564.0,5.0,27.0,Petrol,Manual,First,Individual,FWD,0
16560.0,2014.0,100000.0,1968.0,4701.0,1826.0,1427.0,5.0,63.0,Diesel,Automatic,First,Individual,FWD,2
4500.0,2019.0,55000.0,799.0,3679.0,1579.0,1478.0,5.0,28.0,Petrol,Manual,First,Individual,FWD,0
32184.0,2015.0,76345.0,2997.0,4804.0,2141.0,1796.0,5.0,70.0,Diesel,Automatic,First,Individual,AWD,2
4620.0,2011.0,73000.0,1591.0,4370.0,1700.0,1475.0,5.0,43.0,Petrol,Manual,First,Individual,FWD,0
5400.0,2018.0,43000.0,998.0,3636.0,1475.0,1670.0,5.0,35.0,Petrol,Manual,First,Individual,FWD,0
33600.0,2017.0,29000.0,1995.0,4454.0,2044.0,1545.0,5.0,63.0,Diesel,Automatic,Second,Individual,RWD,3
8100.0,2017.0,35616.0,1197.0,3995.0,1745.0,1500.0,5.0,37.0,Petrol,Automatic,First,Individual,FWD,0
6600.0,2011.0,69000.0,1497.0,4420.0,1695.0,1480.0,5.0,42.0,Petrol,Automatic,Second,Individual,FWD,0
8880.0,2013.0,83555.0,2179.0,4585.0,1890.0,1785.0,7.0,70.0,Diesel,Manual,First,Individual,FWD,1
20987.988,2021.0,25700.0,1368.0,4395.0,1818.0,1640.0,5.0,60.0,Petrol,Manual,First,Corporate,FWD,2
22500.0,2022.0,18000.0,1353.0,4300.0,1790.0,1635.0,5.0,50.0,Petrol,Automatic,First,Individual,FWD,0
13140.0,2018.0,50000.0,2179.0,4585.0,1890.0,1785.0,7.0,70.0,Diesel,Manual,First,Individual,FWD,1
7740.0,2015.0,64000.0,1498.0,4440.0,1695.0,1495.0,5.0,40.0,Diesel,Manual,First,Individual,FWD,0
6840.0,2016.0,80000.0,1498.0,3999.0,1765.0,1708.0,5.0,52.0,Diesel,Manual,First,Individual,FWD,0
4440.0,2013.0,41000.0,1197.0,3585.0,1595.0,1550.0,5.0,35.0,Petrol,Automatic,First,Individual,FWD,0
6780.0,2016.0,29000.0,1197.0,3765.0,1660.0,1520.0,5.0,43.0,Petrol,Automatic,First,Individual,FWD,0
28800.0,2016.0,61159.0,1991.0,4879.0,1854.0,1474.0,5.0,80.0,Petrol,Automatic,Second,Individual,RWD,2
5400.0,2014.0,23000.0,1197.0,3995.0,1710.0,1505.0,5.0,45.0,Petrol,Manual,First,Individual,FWD,0
5219.988,2017.0,27000.0,1186.0,3995.0,1660.0,1520.0,5.0,43.0,Diesel,Manual,Second,Individual,FWD,0
29400.0,2014.0,65000.0,2997.0,4804.0,2141.0,1796.0,5.0,70.0,Diesel,Automatic,Second,Individual,AWD,2
6600.0,2018.0,56000.0,1197.0,3765.0,1660.0,1520.0,5.0,43.0,Petrol,Manual,First,Individual,FWD,0
8220.0,2016.0,68500.0,1497.0,4440.0,1695.0,1495.0,5.0,40.0,Petrol,Manual,First,Individual,FWD,0
20340.0,2019.0,20856.0,1956.0,4598.0,1894.0,1706.0,5.0,50.0,Diesel,Manual,First,Individual,FWD,0
7800.0,2015.0,104000.0,2523.0,4456.0,1820.0,1930.0,8.0,60.0,Diesel,Manual,First,Individual,RWD,1
4080.0,2013.0,98500.0,1336.0,3995.0,1710.0,1505.0,5.0,45.0,Diesel,Manual,First,Individual,FWD,0
7680.0,2017.0,63000.0,1598.0,4300.0,1765.0,1590.0,5.0,48.0,Diesel,Manual,First,Individual,FWD,0
10680.0,2018.0,35000.0,1198.0,3994.0,1811.0,1607.0,5.0,44.0,Petrol,Automatic,First,Individual,FWD,0
3900.0,2011.0,89000.0,1497.0,4420.0,1695.0,1480.0,5.0,42.0,Petrol,Automatic,Second,Individual,FWD,0
6480.0,2021.0,22000.0,1157.4,3655.0,1620.0,1675.0,5.0,32.0,Petrol,Manual,First,Individual,FWD,0
10500.0,2015.0,87000.0,2179.0,4456.0,1820.0,1995.0,8.0,60.0,Diesel,Manual,First,Individual,RWD,1
5700.0,2016.0,69001.0,1499.0,3999.0,1765.0,1708.0,5.0,52.0,Petrol,Manual,First,Individual,FWD,0
5940.0,2016.0,53376.0,1198.0,3675.0,1715.0,1655.0,6.0,35.0,Diesel,Manual,First,Individual,FWD,1
8640.0,2018.0,50197.0,999.0,3971.0,1682.0,1469.0,5.0,45.0,Petrol,Manual,First,Individual,FWD,0
12539.988,2021.0,24000.0,1462.0,3995.0,1790.0,1640.0,5.0,48.0,Petrol,Manual,First,Individual,FWD,0
21000.0,2020.0,14400.0,1956.0,4598.0,1894.0,1706.0,5.0,50.0,Diesel,Manual,First,Individual,FWD,0
3420.0,2011.0,52000.0,998.0,3539.0,1475.0,1700.0,5.0,35.0,Otro,Manual,First,Individual,FWD,0
2136.0,2007.0,85000.0,1086.0,3565.0,1525.0,1590.0,5.0,35.0,Petrol,Manual,Second,Individual,FWD,0
3900.0,2014.0,43037.0,1198.0,3610.0,1680.0,1500.0,5.0,35.0,Petrol,Manual,First,Individual,FWD,0
16800.0,2014.0,143000.0,2982.0,4705.0,1840.0,1850.0,7.0,80.0,Diesel,Automatic,Second,Individual,RWD,1
15852.0,2018.0,38000.0,1798.0,4620.0,1775.0,1475.0,5.0,55.0,Petrol,Automatic,First,Corporate,FWD,1
4800.0,2018.0,91460.0,1199.0,3746.0,1647.0,1535.0,5.0,35.0,Petrol,Manual,First,Individual,FWD,0
28800.0,2015.0,100000.0,1968.0,4933.0,1874.0,1455.0,5.0,75.0,Diesel,Automatic,First,Individual,FWD,2
5580.0,2014.0,82000.0,1364.0,4265.0,1695.0,1510.0,5.0,45.0,Diesel,Manual,First,Individual,FWD,1
8940.0,2016.0,117048.0,1598.0,4386.0,1699.0,1466.0,5.0,55.0,Diesel,Manual,First,Individual,FWD,1
32280.0,2017.0,65000.0,2755.0,4795.0,1855.0,1835.0,7.0,80.0,Diesel,Automatic,First,Individual,AWD,1
5219.988,2017.0,23000.0,1196.0,3995.0,1695.0,1525.0,5.0,42.0,Petrol,Manual,First,Individual,FWD,0
3000.0,2009.0,72256.0,1497.0,4420.0,1695.0,1480.0,5.0,42.0,Petrol,Manual,First,Individual,FWD,0
9300.0,2016.0,42000.0,1497.0,4440.0,1695.0,1495.0,5.0,40.0,Petrol,Automatic,First,Individual,FWD,0
8100.0,2019.0,35000.0,1498.0,3995.0,1704.0,1525.0,5.0,40.0,Diesel,Manual,First,Individual,FWD,0
5700.0,2012.0,74000.0,1991.0,4660.0,1870.0,1755.0,7.0,65.0,Diesel,Automatic,First,Individual,FWD,0
35400.0,2020.0,11000.0,1968.0,4456.0,1796.0,1416.0,5.0,50.0,Diesel,Automatic,First,Individual,FWD,2
4020.0,2017.0,34000.0,1198.0,3995.0,1635.0,1490.0,7.0,35.0,Petrol,Manual,First,Individual,FWD,0
5400.0,2014.0,48409.0,1497.0,4440.0,1695.0,1495.0,5.0,40.0,Petrol,Manual,Second,Individual,FWD,0
8340.0,2020.0,18000.0,1197.0,3805.0,1680.0,1520.0,5.0,60.0,Otro,Manual,First,Individual,FWD,0
26100.0,2018.0,40000.0,2755.0,4735.0,1830.0,1795.0,7.0,55.0,Diesel,Automatic,First,Individual,RWD,1
4740.0,2018.0,75500.0,999.0,3679.0,1579.0,1478.0,5.0,28.0,Petrol,Manual,First,Individual,FWD,0
41400.0,2019.0,41526.0,3198.0,4892.0,1860.0,1837.0,7.0,80.0,Diesel,Automatic,First,Individual,AWD,0
4680.0,2015.0,70000.0,998.0,3600.0,1600.0,1560.0,5.0,35.0,Petrol,Automatic,First,Individual,FWD,0
4800.0,2014.0,78000.0,2179.0,4430.0,1817.0,1975.0,8.0,60.0,Diesel,Manual,Second,Individual,RWD,1
4500.0,2011.0,120000.0,1248.0,3850.0,1695.0,1530.0,5.0,42.0,Diesel,Manual,First,Individual,FWD,0
34800.0,2011.0,56000.0,4163.0,4649.0,1860.0,1366.0,5.0,64.0,Petrol,Automatic,Third,Individual,AWD,2
11388.0,2018.0,37100.0,1497.0,4440.0,1695.0,1495.0,5.0,40.0,Petrol,Manual,First,Individual,FWD,0
5400.0,2014.0,52000.0,1197.0,3995.0,1695.0,1555.0,5.0,42.0,Petrol,Manual,First,Individual,FWD,0
41400.0,2018.0,35000.0,3198.0,4892.0,1860.0,1837.0,7.0,80.0,Diesel,Automatic,First,Individual,AWD,0
29988.0,2015.0,50623.0,2179.0,4465.0,1900.0,1635.0,5.0,57.0,Diesel,Automatic,Second,Individual,AWD,4
10739.988,2015.0,39780.0,1798.0,4620.0,1775.0,1475.0,5.0,55.0,Petrol,Automatic,First,Individual,FWD,1
15012.0,2018.0,120000.0,2179.0,4456.0,1820.0,1995.0,7.0,60.0,Diesel,Manual,Second,Individual,RWD,1
28200.0,2016.0,75000.0,2198.0,4892.0,1860.0,1837.0,7.0,80.0,Diesel,Automatic,Second,Individual,RWD,0
13080.0,2019.0,40900.0,1496.0,4425.0,1730.0,1495.0,5.0,42.0,Petrol,Automatic,First,Corporate,FWD,1
3936.0,2018.0,26807.0,1196.0,3675.0,1475.0,1800.0,5.0,40.0,Petrol,Manual,Second,Individual,RWD,0
16200.0,2012.0,72000.0,2987.0,4868.0,1854.0,1471.0,5.0,80.0,Diesel,Automatic,Second,Individual,RWD,2
5700.0,2011.0,72000.0,2354.0,4950.0,1845.0,1475.0,5.0,70.0,Petrol,Automatic,First,Individual,FWD,0
7560.0,2015.0,115339.0,1493.0,3995.0,1835.0,1839.0,7.0,60.0,Diesel,Manual,Second,Individual,RWD,1
5916.0,2012.0,28732.0,1798.0,4540.0,1760.0,1480.0,5.0,55.0,Petrol,Manual,First,Individual,FWD,1
28500.0,2017.0,61643.0,1968.0,4385.0,1831.0,1608.0,5.0,64.0,Diesel,Automatic,First,Individual,AWD,2
15900.0,2012.0,98580.0,1968.0,4915.0,1874.0,1455.0,5.0,65.0,Diesel,Automatic,First,Individual,FWD,2
6780.0,2014.0,72782.0,1198.0,3970.0,1682.0,1453.0,5.0,45.0,Petrol,Manual,First,Individual,FWD,0
22500.0,2016.0,40000.0,1968.0,4385.0,1831.0,1608.0,5.0,64.0,Diesel,Automatic,First,Individual,AWD,2
35400.0,2018.0,75000.0,1995.0,4633.0,1811.0,1429.0,5.0,57.0,Diesel,Automatic,First,Individual,RWD,3
30600.0,2017.0,44000.0,2755.0,4795.0,1855.0,1835.0,7.0,80.0,Diesel,Automatic,Second,Individual,RWD,1
5880.0,2017.0,82000.0,1197.0,3995.0,1745.0,1500.0,5.0,37.0,Petrol,Manual,First,Individual,FWD,0
27588.0,2014.0,58000.0,1995.0,4899.0,2094.0,1464.0,5.0,66.0,Diesel,Automatic,First,Individual,RWD,3
28800.0,2017.0,81802.0,1968.0,4933.0,1874.0,1455.0,5.0,75.0,Diesel,Automatic,Second,Individual,FWD,2
5100.0,2015.0,36528.0,1248.0,3850.0,1695.0,1530.0,5.0,42.0,Diesel,Manual,Third,Individual,FWD,0
3000.0,2009.0,110000.0,1497.0,4420.0,1695.0,1480.0,5.0,42.0,Petrol,Automatic,First,Individual,FWD,0
20400.0,2022.0,8530.0,1498.0,4549.0,1748.0,1489.0,5.0,40.0,Petrol,Automatic,UnRegistered Car,Individual,FWD,0
4140.0,2016.0,73190.0,998.0,3599.0,1495.0,1700.0,5.0,35.0,Petrol,Manual,Second,Individual,FWD,0
3588.0,2016.0,26000.0,999.0,3679.0,1579.0,1478.0,5.0,28.0,Petrol,Manual,First,Individual,FWD,0
6000.0,2017.0,32000.0,998.0,3715.0,1635.0,1565.0,5.0,35.0,Petrol,Automatic,Second,Individual,FWD,0
3960.0,2017.0,63200.0,998.0,3545.0,1490.0,1475.0,4.0,60.0,Otro,Manual,First,Individual,FWD,0
4680.0,2015.0,49123.0,1197.0,3585.0,1595.0,1550.0,5.0,35.0,Petrol,Manual,First,Individual,FWD,0
4800.0,2013.0,76000.0,1497.0,4440.0,1695.0,1485.0,5.0,42.0,Petrol,Manual,First,Individual,FWD,0
2520.0,2014.0,42505.0,796.0,3395.0,1490.0,1475.0,5.0,35.0,Petrol,Manual,First,Individual,FWD,0
10200.0,2016.0,90300.0,2179.0,4585.0,1890.0,1785.0,7.0,70.0,Diesel,Manual,First,Individual,FWD,1
3300.0,2011.0,65000.0,1248.0,3715.0,1680.0,1620.0,5.0,43.0,Diesel,Manual,First,Individual,FWD,0
8400.0,2014.0,64000.0,1797.0,4530.0,1775.0,1470.0,5.0,56.0,Petrol,Manual,First,Individual,FWD,0
7308.0,2018.0,42601.0,1197.0,3985.0,1734.0,1505.0,5.0,45.0,Petrol,Manual,First,Individual,FWD,0
9000.0,2019.0,6200.0,1462.0,4490.0,1730.0,1485.0,5.0,43.0,Petrol,Manual,First,Individual,FWD,0
9420.0,2017.0,20000.0,1373.0,4490.0,1730.0,1485.0,5.0,43.0,Petrol,Automatic,First,Individual,FWD,0
4200.0,2011.0,21000.0,1197.0,3585.0,1595.0,1550.0,5.0,35.0,Petrol,Manual,First,Individual,FWD,0
13080.0,2017.0,144933.0,2179.0,4585.0,1890.0,1785.0,7.0,70.0,Diesel,Manual,First,Individual,FWD,1
9060.0,2017.0,75650.0,1498.0,3999.0,1734.0,1601.0,5.0,40.0,Diesel,Manual,First,Individual,FWD,0
37800.0,2014.0,66500.0,2993.0,5252.0,1899.0,1457.0,5.0,83.0,Diesel,Automatic,First,Individual,RWD,4
7800.0,2017.0,51000.0,1197.0,4384.0,1699.0,1466.0,5.0,55.0,Petrol,Automatic,First,Individual,FWD,0
20292.0,2015.0,45000.0,1991.0,4417.0,1804.0,1494.0,5.0,50.0,Petrol,Automatic,Second,Individual,FWD,2
11700.0,2019.0,56881.0,1497.0,4440.0,1695.0,1495.0,5.0,40.0,Petrol,Manual,First,Individual,FWD,0
5280.0,2016.0,53807.0,1197.0,3850.0,1695.0,1530.0,5.0,42.0,Petrol,Manual,First,Individual,FWD,0
7020.0,2017.0,47000.0,1197.0,3985.0,1734.0,1505.0,5.0,45.0,Petrol,Manual,First,Individual,FWD,0
2940.0,2015.0,72000.0,796.0,3395.0,1490.0,1475.0,5.0,35.0,Otro,Manual,Second,Individual,FWD,0
15588.0,2019.0,39000.0,1582.0,4270.0,1780.0,1665.0,5.0,55.0,Diesel,Manual,First,Individual,FWD,0
8220.0,2017.0,58146.0,1197.0,3995.0,1745.0,1500.0,5.0,37.0,Petrol,Manual,First,Individual,FWD,0
5400.0,2014.0,48000.0,998.0,3695.0,1600.0,1560.0,5.0,35.0,Petrol,Automatic,First,Individual,FWD,0
3828.0,2013.0,47800.0,796.0,3395.0,1490.0,1475.0,5.0,35.0,Petrol,Manual,First,Individual,FWD,0
3000.0,2011.0,53000.0,1197.0,3585.0,1595.0,1550.0,5.0,35.0,Petrol,Manual,First,Individual,FWD,0
33480.0,2018.0,25000.0,1995.0,4439.0,1821.0,1612.0,5.0,51.0,Diesel,Automatic,First,Individual,FWD,3
5519.988,2013.0,77000.0,1248.0,4265.0,1695.0,1685.0,7.0,45.0,Diesel,Manual,Second,Individual,FWD,0
10380.0,2017.0,93000.0,2179.0,4585.0,1890.0,1785.0,7.0,70.0,Diesel,Manual,First,Individual,FWD,1
28620.0,2017.0,22120.0,1995.0,4439.0,1821.0,1612.0,5.0,51.0,Diesel,Automatic,First,Individual,FWD,3
2820.0,2012.0,35000.0,998.0,3595.0,1475.0,1700.0,5.0,28.0,Otro,Manual,Second,Individual,FWD,0
5232.0,2014.0,37959.0,1197.0,3765.0,1660.0,1520.0,5.0,43.0,Petrol,Automatic,Second,Individual,FWD,0
34800.0,2018.0,35000.0,1968.0,4385.0,1831.0,1608.0,5.0,64.0,Diesel,Automatic,First,Individual,AWD,2
12960.0,2019.0,68000.0,1396.0,4270.0,1780.0,1630.0,5.0,60.0,Diesel,Manual,First,Individual,FWD,0
9900.0,2018.0,48174.0,1248.0,3995.0,1790.0,1640.0,5.0,48.0,Diesel,Manual,First,Individual,FWD,0
23987.988,2017.0,39328.0,2143.0,4630.0,1777.0,1432.0,5.0,56.0,Diesel,Automatic,First,Individual,FWD,2
5219.988,2014.0,50000.0,1199.0,3990.0,1680.0,1505.0,5.0,35.0,Petrol,Automatic,First,Individual,FWD,0
40200.0,2018.0,25000.0,2755.0,4795.0,1855.0,1835.0,7.0,80.0,Diesel,Automatic,First,Individual,RWD,1
6900.0,2015.0,50599.0,1197.0,3850.0,1695.0,1530.0,5.0,42.0,Petrol,Manual,Second,Individual,FWD,0
23700.0,2021.0,7000.0,1353.0,4315.0,1800.0,1645.0,5.0,50.0,Petrol,Automatic,First,Individual,FWD,1
8520.0,2017.0,73000.0,1248.0,3995.0,1790.0,1640.0,5.0,48.0,Diesel,Manual,First,Individual,FWD,0
2880.0,2017.0,42000.0,1198.0,3785.0,1635.0,1485.0,5.0,35.0,Petrol,Manual,First,Individual,FWD,0
4800.0,2014.0,64000.0,1248.0,3995.0,1695.0,1555.0,5.0,42.0,Diesel,Manual,First,Individual,FWD,0
46200.0,2017.0,45600.0,2143.0,4656.0,1890.0,1639.0,5.0,66.0,Diesel,Automatic,Second,Individual,AWD,2
10680.0,2017.0,49000.0,1591.0,4270.0,1780.0,1630.0,5.0,60.0,Petrol,Manual,First,Individual,FWD,0
17100.0,2018.0,72870.0,1582.0,4270.0,1780.0,1665.0,5.0,55.0,Diesel,Automatic,First,Corporate,FWD,0
4320.0,2013.0,58000.0,1598.0,4384.0,1699.0,1466.0,5.0,55.0,Petrol,Manual,First,Individual,FWD,0
3120.0,2009.0,77000.0,1298.0,4160.0,1690.0,1530.0,5.0,43.0,Petrol,Manual,Second,Individual,FWD,0
16680.0,2012.0,69500.0,1968.0,4385.0,1831.0,1608.0,5.0,64.0,Diesel,Automatic,First,Individual,AWD,2
4560.0,2018.0,68320.0,998.0,3599.0,1495.0,1700.0,5.0,35.0,Otro,Manual,First,Individual,FWD,0
7740.0,2017.0,64000.0,1497.0,4440.0,1695.0,1495.0,5.0,40.0,Petrol,Manual,First,Individual,FWD,0
3432.0,2017.0,40564.0,796.0,3395.0,1490.0,1475.0,5.0,35.0,Petrol,Manual,First,Individual,FWD,0
9839.988,2018.0,27963.0,1199.0,3999.0,1734.0,1601.0,5.0,40.0,Petrol,Manual,First,Individual,FWD,0
7500.0,2017.0,42000.0,1197.0,3985.0,1734.0,1505.0,5.0,45.0,Petrol,Manual,First,Individual,FWD,0
3420.0,2013.0,72000.0,1498.0,3999.0,1765.0,1708.0,5.0,52.0,Diesel,Manual,First,Individual,FWD,0
6900.0,2018.0,58000.0,1197.0,3850.0,1695.0,1530.0,5.0,42.0,Otro,Manual,First,Individual,FWD,0
7140.0,2017.0,35000.0,1197.0,3995.0,1745.0,1500.0,5.0,37.0,Petrol,Automatic,Third,Individual,FWD,0
45600.0,2018.0,9512.0,1995.0,4657.0,1881.0,1678.0,5.0,67.0,Diesel,Automatic,First,Corporate,AWD,3
9300.0,2017.0,71000.0,1373.0,4296.0,1695.0,1685.0,7.0,45.0,Petrol,Manual,First,Individual,FWD,0
7560.0,2019.0,20734.0,998.0,3695.0,1600.0,1560.0,5.0,35.0,Petrol,Automatic,First,Individual,FWD,0
6600.0,2016.0,88000.0,1248.0,3995.0,1745.0,1500.0,5.0,37.0,Diesel,Manual,First,Individual,FWD,0
9300.0,2019.0,14095.0,1499.0,3999.0,1765.0,1708.0,5.0,52.0,Petrol,Manual,First,Individual,FWD,0
9240.0,2016.0,20000.0,1591.0,4375.0,1700.0,1475.0,5.0,43.0,Petrol,Automatic,First,Individual,FWD,0
17940.0,2018.0,28000.0,1368.0,4395.0,1818.0,1640.0,5.0,60.0,Petrol,Automatic,First,Individual,FWD,2
6348.0,2015.0,57654.0,1197.0,3995.0,1760.0,1555.0,5.0,45.0,Petrol,Manual,First,Individual,FWD,0
14400.0,2021.0,37230.0,999.0,4390.0,1699.0,1467.0,5.0,55.0,Petrol,Manual,First,Individual,FWD,0
25800.0,2017.0,45000.0,2755.0,4735.0,1830.0,1795.0,7.0,55.0,Diesel,Automatic,First,Individual,RWD,1
8100.0,2017.0,48650.0,1199.0,3955.0,1694.0,1544.0,5.0,40.0,Petrol,Automatic,First,Individual,FWD,0
21900.0,2016.0,58000.0,2143.0,4424.0,1804.0,1494.0,5.0,50.0,Diesel,Automatic,First,Individual,FWD,2
16500.0,2013.0,97000.0,2982.0,4705.0,1840.0,1850.0,7.0,80.0,Diesel,Manual,First,Individual,RWD,1
3360.0,2013.0,99000.0,1461.0,4315.0,1822.0,1695.0,5.0,50.0,Diesel,Manual,Second,Individual,FWD,0
11400.0,2018.0,63000.0,1396.0,4270.0,1780.0,1630.0,5.0,60.0,Diesel,Manual,First,Individual,FWD,0
6540.0,2014.0,74000.0,1582.0,4370.0,1700.0,1475.0,5.0,43.0,Diesel,Manual,First,Individual,FWD,0
9900.0,2016.0,45000.0,1497.0,4440.0,1695.0,1495.0,5.0,40.0,Petrol,Automatic,First,Individual,FWD,0
3900.0,2014.0,58000.0,998.0,3599.0,1495.0,1700.0,5.0,35.0,Otro,Manual,Second,Individual,FWD,0
21600.0,2015.0,86000.0,2982.0,4705.0,1840.0,1850.0,7.0,80.0,Diesel,Automatic,Second,Individual,RWD,1
7920.0,2017.0,40000.0,1197.0,3995.0,1745.0,1500.0,5.0,37.0,Petrol,Automatic,First,Individual,FWD,0
19800.0,2017.0,52458.0,1798.0,4861.0,1864.0,1483.0,5.0,66.0,Petrol,Automatic,First,Individual,FWD,1
7800.0,2019.0,54000.0,1199.0,3995.0,1695.0,1501.0,5.0,35.0,Petrol,Automatic,Second,Individual,FWD,0
5100.0,2012.0,70000.0,1582.0,4370.0,1700.0,1475.0,5.0,43.0,Diesel,Manual,Second,Individual,FWD,0
31200.0,2014.0,94000.0,2997.0,4804.0,2141.0,1796.0,5.0,70.0,Diesel,Automatic,First,Individual,AWD,2
6300.0,2015.0,68244.0,1498.0,3955.0,1694.0,1544.0,5.0,40.0,Diesel,Manual,Second,Individual,FWD,0
8880.0,2020.0,39000.0,1197.0,3995.0,1680.0,1520.0,5.0,65.0,Otro,Manual,First,Individual,FWD,0
5940.0,2015.0,42000.0,1591.0,4375.0,1700.0,1475.0,5.0,43.0,Petrol,Manual,First,Individual,FWD,0
3228.0,2010.0,73000.0,1497.0,4420.0,1695.0,1480.0,5.0,42.0,Petrol,Manual,Second,Individual,FWD,0
2940.0,2014.0,31100.0,998.0,3620.0,1475.0,1460.0,5.0,35.0,Petrol,Manual,Second,Individual,FWD,0
3720.0,2015.0,45000.0,998.0,3599.0,1495.0,1700.0,5.0,35.0,Petrol,Manual,First,Individual,FWD,0
7380.0,2017.0,69000.0,1493.0,3995.0,1835.0,1839.0,7.0,60.0,Diesel,Automatic,First,Individual,RWD,1
5760.0,2016.0,85000.0,1248.0,3995.0,1695.0,1555.0,5.0,42.0,Diesel,Manual,First,Individual,FWD,0
33588.0,2017.0,72400.0,1968.0,4726.0,1842.0,1427.0,5.0,54.0,Diesel,Automatic,First,Individual,FWD,2
9000.0,2018.0,65000.0,1248.0,3840.0,1735.0,1530.0,5.0,37.0,Diesel,Manual,First,Individual,FWD,0
25200.0,2017.0,42000.0,1968.0,4385.0,1831.0,1608.0,5.0,64.0,Diesel,Automatic,First,Individual,AWD,2
4919.988,2015.0,54443.0,998.0,3600.0,1600.0,1560.0,5.0,35.0,Petrol,Automatic,First,Individual,FWD,0
9612.0,2018.0,30000.0,1248.0,3995.0,1790.0,1640.0,5.0,48.0,Diesel,Manual,First,Individual,FWD,0
18300.0,2016.0,32000.0,1968.0,4456.0,1796.0,1416.0,5.0,50.0,Diesel,Automatic,First,Individual,FWD,2
7704.0,2014.0,53693.0,1373.0,4265.0,1695.0,1685.0,7.0,60.0,Otro,Manual,First,Individual,FWD,0
6540.0,2013.0,110000.0,1598.0,4384.0,1699.0,1466.0,5.0,55.0,Diesel,Manual,First,Individual,FWD,0
6300.0,2015.0,39234.0,2523.0,4107.0,1745.0,1880.0,7.0,60.0,Diesel,Manual,Second,Individual,RWD,1
16500.0,2019.0,69000.0,2179.0,4456.0,1820.0,1995.0,7.0,60.0,Diesel,Manual,First,Individual,AWD,1
3059.9880000000003,2012.0,18954.0,1086.0,3585.0,1595.0,1550.0,5.0,35.0,Petrol,Manual,First,Individual,FWD,0
18900.0,2014.0,15000.0,1968.0,4701.0,1826.0,1427.0,5.0,63.0,Diesel,Automatic,First,Individual,FWD,2
9732.0,2018.0,44153.0,1248.0,4395.0,1735.0,1690.0,7.0,45.0,Diesel,Manual,First,Individual,FWD,0
47400.0,2021.0,40000.0,1996.0,4985.0,1926.0,1867.0,6.0,75.0,Diesel,Automatic,First,Individual,AWD,2
8700.0,2017.0,55000.0,1373.0,4490.0,1730.0,1485.0,5.0,43.0,Petrol,Automatic,First,Individual,FWD,0
5760.0,2021.0,14000.0,796.0,3395.0,1490.0,1475.0,5.0,35.0,Otro,Manual,First,Individual,FWD,0
4020.0,2013.0,78301.0,1197.0,3585.0,1595.0,1550.0,5.0,35.0,Petrol,Automatic,Second,Individual,FWD,0
13800.0,2013.0,52000.0,1595.0,4359.0,2010.0,1557.0,5.0,50.0,Petrol,Automatic,Second,Individual,FWD,2
5400.0,2014.0,75000.0,1248.0,3995.0,1695.0,1555.0,5.0,42.0,Diesel,Manual,Second,Individual,FWD,0
4919.988,2015.0,112000.0,1248.0,3850.0,1695.0,1530.0,5.0,42.0,Diesel,Manual,First,Individual,FWD,0
35880.0,2017.0,44000.0,1995.0,4936.0,1868.0,1479.0,5.0,57.0,Diesel,Automatic,Second,Individual,RWD,3
7140.0,2016.0,26357.0,1197.0,3850.0,1695.0,1530.0,5.0,42.0,Petrol,Manual,First,Individual,FWD,0
10452.0,2015.0,64000.0,1582.0,4270.0,1780.0,1630.0,5.0,60.0,Diesel,Manual,First,Individual,FWD,0
2820.0,2009.0,107000.0,1086.0,3565.0,1595.0,1550.0,5.0,35.0,Petrol,Manual,Third,Individual,FWD,0
2820.0,2009.0,115000.0,1197.0,3940.0,1710.0,1505.0,5.0,45.0,Petrol,Manual,Third,Individual,FWD,0
7800.0,2015.0,49776.0,1493.0,3995.0,1835.0,1839.0,7.0,60.0,Diesel,Automatic,First,Individual,RWD,1
9600.0,2017.0,82300.0,1373.0,4490.0,1730.0,1485.0,5.0,43.0,Petrol,Manual,First,Individual,FWD,0
5280.0,2018.0,40000.0,1176.4,3655.0,1620.0,1675.0,5.0,32.0,Petrol,Manual,First,Individual,FWD,0
15588.0,2021.0,13400.0,1462.0,4445.0,1775.0,1700.0,6.0,45.0,Petrol,Manual,First,Individual,FWD,0
19800.0,2015.0,75000.0,2143.0,4417.0,1804.0,1494.0,5.0,50.0,Diesel,Automatic,First,Individual,FWD,2
19140.0,2015.0,44000.0,1984.0,4370.0,1783.0,1458.0,5.0,60.0,Diesel,Automatic,First,Individual,FWD,2
31800.0,2017.0,75000.0,1995.0,4439.0,1821.0,1612.0,5.0,51.0,Diesel,Automatic,Second,Individual,AWD,3
9600.0,2018.0,68000.0,1396.0,4270.0,1780.0,1630.0,5.0,60.0,Diesel,Manual,First,Individual,FWD,0
27000.0,2014.0,85000.0,2143.0,4804.0,2141.0,1796.0,5.0,70.0,Diesel,Automatic,Second,Individual,AWD,2
5819.988,2012.0,102000.0,2179.0,4585.0,1890.0,1785.0,7.0,70.0,Diesel,Manual,Second,Individual,FWD,1
21600.0,2021.0,14500.0,2184.0,3985.0,1820.0,1844.0,4.0,57.0,Diesel,Manual,First,Individual,AWD,1
8880.0,2017.0,88000.0,1248.0,4296.0,1695.0,1685.0,7.0,45.0,Diesel,Manual,First,Individual,FWD,0
29400.0,2014.0,80000.0,2143.0,4686.0,1810.0,1442.0,5.0,66.0,Diesel,Automatic,First,Individual,RWD,2
7200.0,2016.0,99000.0,1461.0,4331.0,1822.0,1671.0,5.0,50.0,Diesel,Manual,First,Individual,FWD,0
5219.988,2019.0,34400.0,1086.0,3610.0,1645.0,1560.0,5.0,35.0,Petrol,Automatic,First,Individual,FWD,0
4800.0,2016.0,50000.0,1199.0,3955.0,1694.0,1544.0,5.0,40.0,Petrol,Manual,First,Individual,FWD,0
31200.0,2017.0,64000.0,1968.0,4456.0,1796.0,1416.0,5.0,50.0,Diesel,Automatic,First,Individual,FWD,2
34800.0,2019.0,15530.0,1968.0,4456.0,1796.0,1416.0,5.0,50.0,Diesel,Automatic,First,Individual,FWD,2
3240.0,2017.0,27000.0,1198.0,3785.0,1635.0,1485.0,5.0,35.0,Petrol,Manual,First,Individual,FWD,0
7188.0,2020.0,35000.0,1197.0,3805.0,1680.0,1520.0,5.0,37.0,Petrol,Automatic,First,Individual,FWD,0
2940.0,2016.0,64000.0,998.0,3545.0,1490.0,1475.0,5.0,35.0,Petrol,Manual,First,Individual,FWD,0
14652.0,2019.0,46000.0,2179.0,4456.0,1820.0,1995.0,7.0,60.0,Diesel,Manual,First,Individual,RWD,1
9000.0,2007.0,102000.0,3498.0,5076.0,1871.0,1473.0,5.0,90.0,Petrol,Automatic,First,Individual,RWD,2
7800.0,2020.0,42000.0,1197.0,3995.0,1735.0,1515.0,5.0,37.0,Petrol,Manual,First,Individual,FWD,0
6900.0,2015.0,85000.0,1461.0,4331.0,1822.0,1671.0,5.0,50.0,Diesel,Manual,First,Individual,FWD,0
6780.0,2017.0,45000.0,1199.0,3955.0,1694.0,1544.0,5.0,40.0,Petrol,Manual,First,Individual,FWD,0
2988.0,2014.0,56843.0,796.0,3395.0,1490.0,1475.0,5.0,35.0,Otro,Manual,Second,Individual,FWD,0
8340.0,2019.0,46027.0,1197.0,3850.0,1695.0,1530.0,5.0,42.0,Petrol,Manual,First,Individual,FWD,0
39600.0,2018.0,17000.0,1496.0,3821.0,1727.0,1414.0,5.0,44.0,Diesel,Automatic,First,Individual,FWD,4
44100.0,2019.0,34000.0,1968.0,4933.0,1874.0,1455.0,5.0,75.0,Diesel,Automatic,First,Individual,FWD,2
7200.0,2014.0,75574.0,1497.0,4440.0,1695.0,1495.0,5.0,40.0,Petrol,Manual,Second,Individual,FWD,0
5100.0,2013.0,57000.0,1598.0,4386.0,1699.0,1466.0,5.0,55.0,Petrol,Automatic,Second,Individual,FWD,1
3000.0,2013.0,82461.0,814.0,3495.0,1550.0,1500.0,5.0,32.0,Petrol,Manual,First,Individual,FWD,0
8700.0,2017.0,36597.0,1197.0,3985.0,1734.0,1505.0,5.0,45.0,Petrol,Manual,Second,Individual,FWD,0
8280.0,2018.0,38000.0,1598.0,4390.0,1699.0,1467.0,5.0,55.0,Petrol,Manual,First,Individual,FWD,0
16680.0,2017.0,56000.0,1798.0,4670.0,1814.0,1476.0,5.0,50.0,Petrol,Automatic,First,Individual,FWD,1
5052.0,2017.0,69000.0,1197.0,3995.0,1695.0,1555.0,5.0,42.0,Petrol,Manual,First,Individual,FWD,0
5700.0,2014.0,65000.0,1198.0,3990.0,1680.0,1505.0,5.0,35.0,Petrol,Manual,Second,Individual,FWD,0
14400.0,2019.0,27657.0,1582.0,4270.0,1780.0,1665.0,5.0,55.0,Diesel,Automatic,Second,Individual,FWD,0
5219.988,2013.0,117000.0,2179.0,4430.0,1817.0,1975.0,8.0,60.0,Diesel,Manual,First,Individual,RWD,1
10620.0,2016.0,57983.0,1591.0,4270.0,1780.0,1630.0,5.0,60.0,Petrol,Manual,First,Individual,FWD,0
6780.0,2014.0,68000.0,1582.0,4370.0,1700.0,1475.0,5.0,43.0,Diesel,Manual,First,Individual,FWD,0
3480.0,2012.0,12300.0,998.0,3539.0,1475.0,1700.0,5.0,35.0,Petrol,Manual,First,Individual,FWD,0
5760.0,2014.0,115000.0,1498.0,3999.0,1765.0,1708.0,5.0,52.0,Diesel,Manual,First,Individual,FWD,0
4680.0,2013.0,62000.0,1461.0,4618.0,1813.0,1488.0,5.0,67.0,Diesel,Manual,First,Individual,FWD,0
8700.0,2016.0,53000.0,1373.0,4296.0,1695.0,1685.0,7.0,45.0,Petrol,Manual,First,Individual,FWD,0
25800.0,2016.0,95401.0,1968.0,4385.0,1831.0,1608.0,5.0,64.0,Diesel,Automatic,First,Individual,AWD,2
9180.0,2017.0,68000.0,1248.0,4296.0,1695.0,1685.0,7.0,45.0,Diesel,Manual,First,Individual,FWD,0
11639.988,2018.0,68000.0,1582.0,4270.0,1780.0,1665.0,5.0,55.0,Diesel,Manual,First,Individual,FWD,0
5700.0,2014.0,62000.0,1591.0,4370.0,1700.0,1475.0,5.0,43.0,Petrol,Manual,First,Individual,FWD,0
10739.988,2019.0,46000.0,1248.0,3995.0,1790.0,1640.0,5.0,48.0,Diesel,Automatic,First,Individual,FWD,0
21000.0,2021.0,26000.0,1493.0,4500.0,1790.0,1675.0,7.0,50.0,Diesel,Manual,First,Individual,FWD,0
3780.0,2013.0,45000.0,998.0,3515.0,1500.0,1510.0,5.0,32.0,Petrol,Manual,First,Individual,FWD,0
33300.0,2016.0,48000.0,2143.0,4686.0,1810.0,1442.0,5.0,66.0,Diesel,Automatic,First,Individual,RWD,2
5940.0,2018.0,45000.0,1197.0,3765.0,1660.0,1520.0,5.0,43.0,Petrol,Manual,First,Individual,FWD,0
5160.0,2020.0,5790.0,998.0,3565.0,1520.0,1564.0,5.0,27.0,Petrol,Manual,First,Individual,FWD,0
19500.0,2021.0,7900.0,999.0,4225.0,1760.0,1612.0,5.0,50.0,Petrol,Automatic,First,Individual,FWD,1
7020.0,2016.0,62591.0,1498.0,3998.0,1765.0,1647.0,5.0,52.0,Diesel,Manual,First,Individual,FWD,0
7020.0,2015.0,61000.0,1498.0,4440.0,1695.0,1495.0,5.0,40.0,Diesel,Manual,First,Individual,FWD,0
21600.0,2021.0,17000.0,2184.0,3985.0,1820.0,1844.0,4.0,57.0,Diesel,Manual,First,Individual,AWD,1
15300.0,2019.0,44000.0,1591.0,4270.0,1780.0,1665.0,5.0,55.0,Petrol,Manual,First,Individual,FWD,0
7740.0,2015.0,58200.0,1591.0,4370.0,1700.0,1475.0,5.0,43.0,Petrol,Automatic,First,Individual,FWD,0
4380.0,2015.0,20100.0,998.0,3545.0,1490.0,1475.0,5.0,35.0,Petrol,Automatic,First,Individual,FWD,0
4620.0,2013.0,72000.0,1461.0,4331.0,1822.0,1671.0,5.0,50.0,Diesel,Manual,Second,Individual,FWD,0
40500.0,2021.0,25000.0,1984.0,4701.0,1839.0,1674.0,7.0,60.0,Petrol,Automatic,First,Individual,AWD,0
10200.0,2017.0,47255.0,1497.0,4440.0,1695.0,1495.0,5.0,40.0,Petrol,Manual,First,Individual,FWD,0
4212.0,2013.0,42000.0,1248.0,3995.0,1695.0,1555.0,5.0,42.0,Diesel,Manual,First,Individual,FWD,0
15540.0,2011.0,56000.0,1995.0,4899.0,2094.0,1464.0,5.0,59.0,Diesel,Automatic,First,Individual,RWD,3
13020.0,2022.0,3383.0,998.0,3995.0,1770.0,1605.0,5.0,45.0,Petrol,Manual,First,Individual,FWD,0
7800.0,2019.0,44710.0,1197.0,3850.0,1695.0,1530.0,5.0,42.0,Petrol,Manual,First,Individual,FWD,0
6828.0,2018.0,57847.0,1197.0,3765.0,1660.0,1520.0,5.0,43.0,Petrol,Manual,First,Individual,FWD,0
12300.0,2019.0,90000.0,1248.0,3995.0,1790.0,1640.0,5.0,48.0,Diesel,Manual,First,Individual,FWD,0
7080.0,2015.0,75258.0,1497.0,4440.0,1695.0,1495.0,5.0,40.0,Petrol,Automatic,First,Individual,FWD,0
10500.0,2018.0,82000.0,1248.0,3995.0,1790.0,1640.0,5.0,48.0,Diesel,Manual,First,Individual,FWD,0
15600.0,2013.0,95000.0,2477.0,4695.0,1815.0,1840.0,7.0,70.0,Diesel,Manual,Second,Individual,AWD,1
21000.0,2015.0,72000.0,2982.0,4705.0,1840.0,1850.0,7.0,80.0,Diesel,Automatic,Second,Individual,AWD,1
19500.0,2021.0,16000.0,1353.0,4315.0,1800.0,1645.0,5.0,50.0,Petrol,Automatic,First,Individual,FWD,1
33588.0,2019.0,69500.0,2755.0,4795.0,1855.0,1835.0,7.0,80.0,Diesel,Automatic,Second,Individual,RWD,1
18900.0,2021.0,8519.0,1997.0,3985.0,1820.0,1844.0,4.0,57.0,Petrol,Manual,First,Individual,AWD,1
37500.0,2018.0,49000.0,1995.0,4454.0,2044.0,1545.0,5.0,63.0,Diesel,Automatic,First,Individual,RWD,3
5460.0,2015.0,69700.0,1197.0,3765.0,1660.0,1520.0,5.0,43.0,Petrol,Automatic,First,Individual,FWD,0
16500.0,2013.0,83000.0,2982.0,4705.0,1840.0,1850.0,7.0,80.0,Diesel,Manual,First,Individual,RWD,1
7440.0,2017.0,92000.0,1498.0,3998.0,1765.0,1647.0,5.0,52.0,Diesel,Manual,First,Individual,FWD,0
45000.0,2019.0,42500.0,1995.0,4624.0,2031.0,1429.0,5.0,71.6,Diesel,Automatic,First,Individual,RWD,3
29700.0,2018.0,38000.0,1968.0,4385.0,1831.0,1608.0,5.0,64.0,Diesel,Automatic,First,Individual,AWD,2
4260.0,2014.0,68005.0,1197.0,3850.0,1695.0,1530.0,5.0,42.0,Petrol,Manual,First,Individual,FWD,0
17400.0,2022.0,2500.0,1498.0,4549.0,1748.0,1489.0,5.0,40.0,Diesel,Manual,First,Individual,FWD,0
15600.0,2014.0,51000.0,1968.0,4385.0,1831.0,1608.0,5.0,64.0,Diesel,Automatic,Second,Individual,AWD,2
3180.0,2017.0,30000.0,796.0,3395.0,1490.0,1475.0,5.0,35.0,Otro,Manual,First,Individual,FWD,0
2700.0,2012.0,57000.0,998.0,3539.0,1475.0,1700.0,5.0,35.0,Otro,Manual,First,Individual,FWD,0
21587.988,2017.0,14000.0,1984.0,4370.0,1783.0,1458.0,5.0,60.0,Diesel,Automatic,First,Individual,FWD,2
7500.0,2016.0,51330.0,1248.0,4490.0,1730.0,1485.0,5.0,43.0,Diesel,Manual,First,Individual,FWD,0
26400.0,2014.0,95000.0,2967.0,5089.0,1983.0,1737.0,7.0,100.0,Diesel,Automatic,First,Individual,AWD,2
32700.0,2020.0,18625.0,2393.0,4735.0,1830.0,1795.0,7.0,55.0,Diesel,Automatic,First,Individual,RWD,1
6600.0,2017.0,61400.0,1197.0,3765.0,1660.0,1520.0,5.0,43.0,Petrol,Manual,First,Individual,FWD,0
1920.0,2011.0,89000.0,1248.0,3715.0,1680.0,1620.0,5.0,43.0,Diesel,Manual,Second,Individual,FWD,0
24600.0,2018.0,73000.0,1968.0,4486.0,1839.0,1672.0,5.0,71.0,Diesel,Automatic,Second,Individual,AWD,0
10020.0,2018.0,42855.0,1497.0,4440.0,1695.0,1495.0,5.0,40.0,Petrol,Manual,First,Individual,FWD,0
8280.0,2016.0,38000.0,1498.0,4440.0,1695.0,1495.0,5.0,40.0,Diesel,Manual,First,Individual,FWD,0
12600.0,2021.0,7500.0,998.0,3995.0,1770.0,1605.0,5.0,45.0,Petrol,Manual,First,Individual,FWD,0
4788.0,2018.0,38000.0,1197.0,3765.0,1660.0,1520.0,5.0,43.0,Petrol,Manual,First,Individual,FWD,0
41400.0,2022.0,4600.0,1984.0,4318.0,1805.0,1548.0,5.0,55.0,Petrol,Automatic,First,Individual,AWD,2
13452.0,2019.0,38000.0,2523.0,4456.0,1820.0,1930.0,7.0,60.0,Diesel,Manual,First,Individual,RWD,1
14220.0,2021.0,10700.0,998.0,3995.0,1770.0,1605.0,5.0,45.0,Petrol,Manual,First,Individual,FWD,0
7080.0,2021.0,8640.0,1196.0,3675.0,1475.0,1800.0,5.0,40.0,Otro,Manual,First,Individual,RWD,0
4500.0,2017.0,45000.0,999.0,3679.0,1579.0,1478.0,5.0,28.0,Petrol,Manual,UnRegistered Car,Individual,FWD,0
45300.0,2020.0,50000.0,2755.0,4795.0,1855.0,1835.0,7.0,80.0,Diesel,Automatic,First,Individual,RWD,1
4200.0,2012.0,85000.0,1498.0,4320.0,1764.0,1486.0,5.0,40.0,Diesel,Manual,First,Individual,FWD,0
13656.0,2018.0,6000.0,1497.0,4440.0,1695.0,1495.0,5.0,40.0,Petrol,Automatic,First,Corporate,FWD,0
18000.0,2021.0,8000.0,1997.0,3985.0,1820.0,1844.0,4.0,57.0,Petrol,Manual,Second,Individual,AWD,1
17400.0,2021.0,13000.0,1497.0,4440.0,1695.0,1495.0,5.0,40.0,Petrol,Automatic,First,Individual,FWD,0
4500.0,2015.0,87500.0,1197.0,3765.0,1660.0,1520.0,5.0,43.0,Petrol,Manual,First,Individual,FWD,0
10380.0,2018.0,53694.0,1248.0,3995.0,1790.0,1640.0,5.0,48.0,Diesel,Manual,Second,Individual,FWD,0
25079.988,2019.0,31000.0,1995.0,4475.0,1850.0,1660.0,5.0,62.0,Diesel,Automatic,First,Individual,FWD,0
10680.0,2014.0,63000.0,1798.0,4540.0,1760.0,1480.0,5.0,55.0,Petrol,Automatic,First,Individual,FWD,1
7500.0,2017.0,51145.0,1197.0,3995.0,1745.0,1500.0,5.0,37.0,Petrol,Manual,First,Individual,FWD,0
15300.0,2018.0,47000.0,2179.0,4585.0,1890.0,1785.0,7.0,70.0,Diesel,Manual,First,Individual,FWD,1
8100.0,2016.0,45000.0,1248.0,3995.0,1790.0,1640.0,5.0,48.0,Diesel,Manual,First,Individual,FWD,0
11400.0,2020.0,55055.0,1248.0,4300.0,1785.0,1595.0,5.0,48.0,Diesel,Manual,First,Individual,FWD,0
43800.0,2019.0,34000.0,3198.0,4892.0,1860.0,1837.0,7.0,80.0,Diesel,Automatic,First,Individual,AWD,0
19140.0,2017.0,86000.0,1999.0,4475.0,1850.0,1660.0,5.0,62.0,Petrol,Automatic,First,Individual,FWD,0
4680.0,2014.0,67000.0,1198.0,3990.0,1680.0,1505.0,5.0,35.0,Petrol,Automatic,First,Individual,FWD,0
12600.0,2018.0,34841.0,1591.0,4270.0,1780.0,1665.0,5.0,55.0,Petrol,Manual,First,Individual,FWD,0
8700.0,2017.0,75000.0,1248.0,3995.0,1790.0,1640.0,5.0,48.0,Diesel,Manual,First,Individual,FWD,0
18000.0,2016.0,70000.0,1798.0,4861.0,1864.0,1483.0,5.0,66.0,Petrol,Automatic,Second,Individual,FWD,1
15000.0,2012.0,78000.0,2143.0,4596.0,1770.0,1447.0,5.0,66.0,Diesel,Automatic,First,Individual,RWD,2
6732.0,2017.0,68000.0,1197.0,3995.0,1745.0,1500.0,5.0,37.0,Petrol,Manual,First,Individual,FWD,0
26160.0,2018.0,77590.0,1395.0,4456.0,1796.0,1416.0,5.0,50.0,Petrol,Automatic,First,Individual,FWD,2
3540.0,2011.0,87230.0,1248.0,3760.0,1690.0,1530.0,5.0,43.0,Diesel,Manual,First,Individual,FWD,0
5700.0,2015.0,48000.0,1197.0,3995.0,1745.0,1500.0,5.0,37.0,Petrol,Manual,First,Individual,FWD,0
6000.0,2016.0,114000.0,1364.0,3775.0,1695.0,1510.0,5.0,45.0,Diesel,Manual,First,Individual,FWD,1
27360.0,2014.0,68000.0,1995.0,4899.0,2094.0,1464.0,5.0,67.0,Diesel,Automatic,First,Individual,RWD,3
8820.0,2015.0,121000.0,2179.0,4585.0,1890.0,1785.0,7.0,70.0,Diesel,Manual,First,Individual,AWD,1
12000.0,2010.0,67000.0,1798.0,4701.0,1826.0,1427.0,5.0,63.0,Petrol,Automatic,Second,Individual,FWD,2
8880.0,2016.0,60125.0,1591.0,4270.0,1780.0,1630.0,5.0,60.0,Petrol,Manual,First,Individual,FWD,0
23400.0,2020.0,45000.0,2393.0,4735.0,1830.0,1795.0,7.0,55.0,Diesel,Manual,First,Individual,RWD,1
16200.0,2012.0,72000.0,1968.0,4385.0,1831.0,1608.0,5.0,64.0,Diesel,Automatic,UnRegistered Car,Individual,AWD,2
23160.0,2021.0,15000.0,1956.0,4598.0,1894.0,1706.0,5.0,50.0,Diesel,Manual,First,Individual,FWD,0
20279.988,2015.0,82000.0,1995.0,4633.0,1811.0,1429.0,5.0,57.0,Diesel,Automatic,Second,Individual,RWD,3
19500.0,2019.0,7000.0,1451.0,4655.0,1835.0,1760.0,5.0,60.0,Petrol,Automatic,First,Individual,FWD,2
3840.0,2018.0,42313.0,999.0,3429.0,1560.0,1541.0,5.0,28.0,Petrol,Automatic,Second,Individual,FWD,0
21479.988,2015.0,45000.0,2143.0,4417.0,1804.0,1494.0,5.0,50.0,Diesel,Automatic,First,Individual,FWD,2
34800.0,2017.0,64000.0,1968.0,4385.0,1831.0,1608.0,5.0,64.0,Diesel,Automatic,First,Individual,FWD,2
6660.0,2018.0,20000.0,1199.0,3746.0,1647.0,1535.0,5.0,35.0,Petrol,Automatic,First,Individual,FWD,0
4440.0,2015.0,64000.0,998.0,3545.0,1490.0,1475.0,5.0,35.0,Petrol,Manual,First,Individual,FWD,0
8340.0,2018.0,68818.0,1197.0,3995.0,1735.0,1515.0,5.0,37.0,Petrol,Automatic,First,Individual,FWD,0
8100.0,2015.0,48000.0,1498.0,4386.0,1683.0,1603.0,7.0,42.0,Diesel,Manual,First,Individual,FWD,0
19176.0,2020.0,19700.0,1493.0,4300.0,1790.0,1635.0,5.0,50.0,Diesel,Manual,First,Individual,FWD,0
1860.0,2009.0,56852.0,796.0,3495.0,1475.0,1460.0,5.0,35.0,Otro,Manual,Second,Individual,FWD,0
15600.0,2016.0,55000.0,1798.0,4670.0,1814.0,1476.0,5.0,50.0,Petrol,Automatic,Second,Individual,FWD,1
3120.0,2015.0,25862.0,998.0,3600.0,1600.0,1560.0,5.0,35.0,Petrol,Manual,First,Individual,FWD,0
14100.0,2019.0,36313.0,1591.0,4270.0,1780.0,1630.0,5.0,60.0,Petrol,Manual,First,Individual,FWD,0
5819.988,2013.0,87000.0,1582.0,4440.0,1729.0,1475.0,5.0,45.0,Diesel,Manual,First,Individual,FWD,0
9300.0,2021.0,24000.0,1197.0,3845.0,1735.0,1530.0,5.0,37.0,Petrol,Automatic,First,Individual,FWD,0
34800.0,2017.0,46000.0,2755.0,4795.0,1855.0,1835.0,7.0,80.0,Diesel,Automatic,First,Individual,RWD,1
2520.0,2012.0,85000.0,2489.0,4520.0,1850.0,1895.0,7.0,55.0,Diesel,Manual,Fourth,Individual,FWD,1
34200.0,2016.0,7000.0,2143.0,4686.0,1810.0,1442.0,5.0,66.0,Diesel,Automatic,First,Individual,RWD,2
9300.0,2017.0,60500.0,1197.0,4390.0,1699.0,1467.0,5.0,55.0,Petrol,Automatic,First,Individual,FWD,0
26100.0,2017.0,29000.0,2393.0,4735.0,1830.0,1795.0,7.0,55.0,Diesel,Manual,First,Individual,RWD,1
5880.0,2018.0,43000.0,1047.0,3992.0,1677.0,1537.0,5.0,35.0,Diesel,Manual,First,Individual,FWD,0
38340.0,2021.0,21651.0,1798.0,4861.0,1864.0,1483.0,5.0,66.0,Petrol,Automatic,First,Individual,FWD,1
7440.0,2016.0,85000.0,1598.0,4300.0,1765.0,1590.0,5.0,48.0,Diesel,Manual,Second,Individual,FWD,0
6180.0,2019.0,40310.0,1196.0,3675.0,1475.0,1800.0,7.0,40.0,Petrol,Manual,Second,Individual,RWD,0
29100.0,2016.0,60000.0,1968.0,4933.0,1874.0,1455.0,5.0,75.0,Diesel,Automatic,First,Individual,FWD,2
21120.0,2017.0,48000.0,1798.0,4456.0,1796.0,1416.0,5.0,50.0,Petrol,Automatic,First,Individual,FWD,2
13800.0,2014.0,99000.0,2179.0,4456.0,1820.0,1995.0,8.0,60.0,Diesel,Manual,First,Individual,RWD,1
22800.0,2019.0,71000.0,2393.0,4735.0,1830.0,1795.0,8.0,55.0,Diesel,Manual,First,Individual,RWD,1
5400.0,2011.0,95000.0,2179.0,4430.0,1817.0,1975.0,8.0,60.0,Diesel,Manual,First,Individual,RWD,1
10680.0,2022.0,7500.0,1199.0,3827.0,1742.0,1615.0,5.0,37.0,Petrol,Manual,First,Individual,FWD,0
14100.0,2021.0,37556.0,1396.0,3995.0,1770.0,1605.0,5.0,45.0,Diesel,Manual,First,Individual,FWD,0
39900.0,2021.0,13092.0,1984.0,4869.0,1864.0,1469.0,5.0,66.0,Petrol,Automatic,First,Individual,FWD,1
38400.0,2014.0,60514.0,2987.0,4781.0,1911.0,1774.0,5.0,95.0,Diesel,Automatic,First,Individual,AWD,2
14160.0,2019.0,38000.0,1591.0,4370.0,1700.0,1475.0,5.0,43.0,Petrol,Automatic,First,Individual,FWD,0
9420.0,2018.0,80000.0,1248.0,3995.0,1790.0,1640.0,5.0,48.0,Diesel,Manual,First,Individual,FWD,0
6840.0,2017.0,92270.0,1199.0,3955.0,1694.0,1544.0,5.0,40.0,Petrol,Manual,First,Individual,FWD,0
8100.0,2020.0,25000.0,1199.0,3995.0,1695.0,1501.0,5.0,35.0,Petrol,Manual,First,Individual,FWD,0
7200.0,2018.0,32000.0,1197.0,3995.0,1745.0,1500.0,5.0,37.0,Petrol,Manual,First,Individual,FWD,0
5208.0,2017.0,50000.0,998.0,3715.0,1635.0,1565.0,5.0,35.0,Petrol,Automatic,First,Individual,FWD,0
7800.0,2016.0,61181.0,1396.0,3985.0,1734.0,1505.0,5.0,45.0,Diesel,Manual,First,Individual,FWD,0
3840.0,2015.0,64000.0,1196.0,3675.0,1475.0,1800.0,5.0,40.0,Petrol,Manual,First,Individual,RWD,0
2988.0,2013.0,60000.0,1493.0,3985.0,1850.0,1880.0,7.0,55.0,Diesel,Manual,First,Individual,RWD,1
5100.0,2015.0,75000.0,1461.0,4315.0,1822.0,1695.0,5.0,50.0,Diesel,Manual,First,Individual,FWD,0
6480.0,2015.0,38000.0,1373.0,4490.0,1730.0,1485.0,5.0,43.0,Petrol,Manual,First,Individual,FWD,0
10380.0,2016.0,67000.0,1248.0,4296.0,1695.0,1685.0,7.0,45.0,Diesel,Manual,First,Individual,FWD,0
21600.0,2014.0,76529.0,1968.0,4456.0,1796.0,1416.0,5.0,50.0,Diesel,Automatic,First,Individual,FWD,2
6960.0,2018.0,81000.0,1198.0,3994.0,1811.0,1607.0,5.0,44.0,Petrol,Automatic,First,Individual,FWD,0
12600.0,2021.0,1910.0,1462.0,3995.0,1790.0,1640.0,5.0,48.0,Petrol,Automatic,First,Individual,FWD,1
11400.0,2020.0,57400.0,1497.0,3995.0,1821.0,1627.0,5.0,42.0,Diesel,Manual,First,Individual,FWD,1
5100.0,2014.0,75000.0,1498.0,3990.0,1680.0,1505.0,5.0,35.0,Diesel,Manual,First,Individual,FWD,0
5160.0,2015.0,98112.0,1598.0,4384.0,1699.0,1466.0,5.0,55.0,Petrol,Manual,First,Individual,FWD,0
5640.0,2019.0,11183.0,999.0,3679.0,1579.0,1478.0,5.0,28.0,Petrol,Automatic,First,Individual,FWD,0
16800.0,2013.0,60000.0,1968.0,4915.0,1874.0,1455.0,5.0,65.0,Diesel,Automatic,Second,Individual,FWD,2
11412.0,2016.0,42000.0,2523.0,4456.0,1820.0,1930.0,8.0,60.0,Diesel,Manual,First,Individual,RWD,1
9240.0,2019.0,72040.0,1248.0,3995.0,1735.0,1515.0,5.0,37.0,Diesel,Automatic,First,Individual,FWD,0
8700.0,2016.0,84000.0,1396.0,3995.0,1760.0,1555.0,5.0,45.0,Diesel,Manual,First,Individual,FWD,0
7500.0,2019.0,48422.0,1497.0,3998.0,1765.0,1647.0,5.0,52.0,Petrol,Manual,First,Individual,FWD,0
14700.0,2012.0,97000.0,2982.0,4705.0,1840.0,1850.0,7.0,80.0,Diesel,Manual,Second,Individual,RWD,1
33900.0,2018.0,23000.0,2143.0,4630.0,1777.0,1432.0,5.0,58.2,Diesel,Automatic,First,Individual,FWD,2
9240.0,2015.0,112000.0,1248.0,4265.0,1695.0,1685.0,7.0,45.0,Diesel,Manual,First,Individual,FWD,0
2100.0,2008.0,65000.0,1248.0,3995.0,1695.0,1555.0,5.0,42.0,Diesel,Manual,Second,Individual,FWD,0
4320.0,2013.0,92000.0,1461.0,4425.0,1695.0,1505.0,5.0,41.0,Diesel,Manual,Second,Individual,FWD,0
3900.0,2013.0,76000.0,1598.0,3970.0,1682.0,1453.0,5.0,45.0,Diesel,Manual,First,Individual,FWD,0
41988.0,2020.0,47000.0,2201.6,4697.0,1882.0,1665.0,7.0,63.0,Diesel,Automatic,First,Individual,FWD,1
4680.0,2018.0,47874.0,999.0,3679.0,1579.0,1478.0,5.0,28.0,Petrol,Manual,First,Individual,FWD,0
16500.0,2016.0,75811.0,2179.0,4585.0,1890.0,1785.0,7.0,70.0,Diesel,Manual,First,Individual,FWD,1
4919.988,2014.0,55000.0,1197.0,3765.0,1660.0,1520.0,5.0,43.0,Petrol,Manual,First,Individual,FWD,0
6300.0,2015.0,114635.0,1498.0,4440.0,1695.0,1495.0,5.0,40.0,Diesel,Manual,First,Individual,FWD,0
8400.0,2022.0,1000.0,1199.0,3995.0,1695.0,1501.0,5.0,35.0,Petrol,Manual,First,Individual,FWD,0
13800.0,2017.0,66602.0,1582.0,4270.0,1780.0,1630.0,5.0,60.0,Diesel,Automatic,First,Individual,FWD,0
28800.0,2014.0,42533.0,2967.0,5089.0,1983.0,1737.0,7.0,100.0,Diesel,Automatic,First,Individual,AWD,2
9132.0,2017.0,38000.0,1497.0,4440.0,1695.0,1495.0,5.0,40.0,Petrol,Automatic,Second,Individual,FWD,0
16200.0,2018.0,56500.0,2179.0,4456.0,1820.0,1995.0,7.0,60.0,Diesel,Manual,First,Individual,RWD,1
7140.0,2014.0,65123.0,1582.0,4370.0,1700.0,1475.0,5.0,43.0,Diesel,Manual,First,Individual,FWD,0
5700.0,2014.0,73265.0,1998.0,4597.0,1788.0,1477.0,5.0,60.0,Diesel,Automatic,Second,Individual,FWD,0
3240.0,2014.0,82682.0,998.0,3620.0,1475.0,1460.0,5.0,35.0,Petrol,Manual,First,Individual,FWD,0
4380.0,2014.0,31000.0,1198.0,3610.0,1680.0,1500.0,5.0,35.0,Petrol,Manual,First,Individual,FWD,0
3588.0,2018.0,19000.0,999.0,3679.0,1579.0,1478.0,5.0,28.0,Petrol,Manual,First,Individual,FWD,0
32400.0,2018.0,45545.0,1999.0,4795.0,1967.0,1416.0,5.0,56.0,Diesel,Automatic,Second,Individual,RWD,4
8220.0,2021.0,9232.0,1197.0,3805.0,1680.0,1520.0,5.0,37.0,Petrol,Automatic,First,Individual,FWD,0
6132.0,2015.0,45969.0,1373.0,4490.0,1730.0,1485.0,5.0,43.0,Petrol,Manual,First,Individual,FWD,0
4380.0,2013.0,68000.0,1197.0,3850.0,1695.0,1530.0,5.0,42.0,Petrol,Manual,First,Individual,FWD,0
9000.0,2018.0,16339.0,1591.0,4375.0,1700.0,1475.0,5.0,43.0,Petrol,Manual,First,Individual,FWD,0
9000.0,2019.0,33000.0,1198.0,3994.0,1811.0,1607.0,5.0,44.0,Petrol,Manual,First,Individual,FWD,0
3588.0,2013.0,90000.0,1364.0,4265.0,1695.0,1510.0,5.0,45.0,Diesel,Manual,Third,Individual,FWD,1
41400.0,2016.0,29000.0,2179.0,4465.0,1900.0,1635.0,5.0,57.0,Diesel,Automatic,First,Individual,AWD,4
22187.988,2021.0,20000.0,1493.0,4500.0,1790.0,1675.0,7.0,50.0,Diesel,Manual,First,Individual,FWD,0
33600.0,2018.0,24000.0,2143.0,4630.0,1777.0,1432.0,5.0,60.4,Diesel,Automatic,First,Individual,FWD,2
3600.0,2011.0,49200.0,1496.0,4265.0,1695.0,1510.0,5.0,45.0,Petrol,Manual,First,Individual,FWD,1
7800.0,2018.0,32000.0,1197.0,3995.0,1745.0,1500.0,5.0,37.0,Petrol,Manual,First,Individual,FWD,0
30600.0,2015.0,70000.0,1995.0,4899.0,2094.0,1464.0,5.0,65.0,Diesel,Automatic,Second,Individual,RWD,3
5123.988,2020.0,41669.0,999.0,3679.0,1579.0,1478.0,5.0,28.0,Petrol,Automatic,First,Individual,FWD,0
15000.0,2021.0,3000.0,1330.0,3993.0,1677.0,1532.0,5.0,44.4,Otro,Automatic,First,Individual,FWD,0
8820.0,2018.0,42000.0,1197.0,3995.0,1735.0,1515.0,5.0,37.0,Petrol,Automatic,First,Individual,FWD,0
6420.0,2016.0,58339.0,1396.0,3985.0,1734.0,1505.0,5.0,45.0,Diesel,Manual,First,Individual,FWD,0
13200.0,2019.0,26000.0,1582.0,4375.0,1700.0,1475.0,5.0,43.0,Diesel,Manual,First,Individual,FWD,0
12960.0,2020.0,56000.0,1493.0,3995.0,1770.0,1605.0,5.0,45.0,Diesel,Manual,First,Individual,FWD,0
8280.0,2017.0,65000.0,1396.0,3985.0,1734.0,1505.0,5.0,45.0,Diesel,Manual,First,Individual,FWD,0
19800.0,2022.0,10000.0,1997.0,3985.0,1820.0,1844.0,4.0,57.0,Petrol,Automatic,First,Individual,AWD,1
8100.0,2016.0,87693.0,1497.0,4440.0,1695.0,1495.0,5.0,40.0,Petrol,Manual,First,Individual,FWD,0
11580.0,2018.0,87001.0,1582.0,4375.0,1700.0,1475.0,5.0,43.0,Diesel,Manual,First,Individual,FWD,0
5700.0,2017.0,34867.0,1199.0,3746.0,1647.0,1535.0,5.0,35.0,Petrol,Automatic,Second,Individual,FWD,0
3900.0,2015.0,67738.0,998.0,3599.0,1495.0,1700.0,5.0,35.0,Otro,Manual,Second,Individual,FWD,0
6600.0,2018.0,50000.0,1197.0,3850.0,1695.0,1530.0,5.0,42.0,Petrol,Manual,First,Individual,FWD,0
4788.0,2014.0,74000.0,1197.0,3995.0,1660.0,1520.0,5.0,43.0,Petrol,Manual,First,Individual,FWD,0
16680.0,2014.0,85900.0,1968.0,4456.0,1796.0,1416.0,5.0,50.0,Diesel,Automatic,First,Individual,FWD,2
9900.0,2018.0,62000.0,1197.0,4390.0,1699.0,1467.0,5.0,55.0,Petrol,Automatic,First,Corporate,FWD,0
12000.0,2022.0,4000.0,999.0,3991.0,1750.0,1605.0,5.0,40.0,Petrol,Automatic,Second,Individual,FWD,0
5400.0,2018.0,32000.0,1196.0,3675.0,1475.0,1800.0,7.0,40.0,Petrol,Manual,Second,Individual,RWD,0
29400.0,2018.0,43290.0,1798.0,4456.0,1796.0,1416.0,5.0,50.0,Petrol,Automatic,First,Individual,FWD,2
28740.0,2021.0,13594.0,1956.0,4661.0,1894.0,1786.0,6.0,50.0,Diesel,Automatic,First,Individual,FWD,0
3600.0,2013.0,75000.0,1364.0,4265.0,1695.0,1510.0,5.0,45.0,Diesel,Manual,Second,Individual,FWD,1
5580.0,2019.0,28000.0,1086.0,3610.0,1645.0,1560.0,5.0,60.0,Otro,Manual,First,Individual,FWD,0
5760.0,2019.0,10265.0,1197.0,3765.0,1660.0,1520.0,5.0,43.0,Petrol,Manual,First,Individual,FWD,0
6540.0,2014.0,56000.0,1591.0,4370.0,1700.0,1475.0,5.0,43.0,Petrol,Manual,First,Individual,FWD,0
5280.0,2016.0,50374.0,1198.0,3610.0,1680.0,1500.0,5.0,35.0,Petrol,Manual,First,Individual,FWD,0
19200.0,2013.0,70000.0,1995.0,4899.0,2094.0,1464.0,5.0,64.2,Diesel,Automatic,Second,Individual,RWD,3
11100.0,2019.0,60888.0,1497.0,3995.0,1821.0,1627.0,5.0,42.0,Diesel,Manual,First,Individual,FWD,1
8652.0,2018.0,46000.0,1373.0,4490.0,1730.0,1485.0,5.0,43.0,Petrol,Manual,First,Individual,FWD,0
6000.0,2017.0,140000.0,1248.0,3850.0,1695.0,1530.0,5.0,42.0,Diesel,Manual,First,Individual,FWD,0
6900.0,2016.0,38000.0,1396.0,3985.0,1734.0,1505.0,5.0,45.0,Diesel,Manual,First,Individual,FWD,0
7200.0,2016.0,92000.0,1493.0,3995.0,1835.0,1839.0,7.0,60.0,Diesel,Manual,Second,Individual,RWD,1
3480.0,2018.0,70000.0,814.0,3495.0,1550.0,1500.0,5.0,32.0,Petrol,Manual,First,Individual,FWD,0
3468.0,2015.0,78000.0,796.0,3395.0,1490.0,1475.0,5.0,35.0,Otro,Manual,First,Individual,FWD,0
7920.0,2018.0,9000.0,1197.0,3985.0,1734.0,1505.0,5.0,45.0,Petrol,Manual,First,Individual,FWD,0
8940.0,2016.0,38000.0,1497.0,4440.0,1695.0,1495.0,5.0,40.0,Petrol,Manual,First,Individual,FWD,0
4980.0,2015.0,42500.0,998.0,3599.0,1495.0,1700.0,5.0,35.0,Otro,Manual,First,Individual,FWD,0
26700.0,2016.0,40500.0,1968.0,4456.0,1796.0,1416.0,5.0,50.0,Diesel,Automatic,First,Individual,FWD,2
8400.0,2019.0,19244.0,1197.0,3995.0,1745.0,1510.0,5.0,37.0,Petrol,Manual,First,Individual,FWD,1
10739.988,2021.0,25000.0,1197.0,3995.0,1775.0,1505.0,5.0,37.0,Petrol,Automatic,First,Individual,FWD,0
2400.0,2008.0,41000.0,796.0,3495.0,1475.0,1460.0,5.0,35.0,Petrol,Manual,First,Individual,FWD,0
7200.0,2014.0,83000.0,2179.0,4430.0,1817.0,1975.0,8.0,60.0,Diesel,Manual,Second,Individual,RWD,1
4680.0,2009.0,68195.0,1794.0,4540.0,1760.0,1480.0,5.0,55.0,Petrol,Manual,First,Individual,FWD,1
1620.0,2008.0,72542.0,1061.0,3495.0,1495.0,1595.0,5.0,35.0,Petrol,Manual,First,Individual,FWD,0
3900.0,2013.0,15780.0,1197.0,3585.0,1595.0,1550.0,5.0,35.0,Petrol,Manual,First,Individual,FWD,0
2700.0,2013.0,87000.0,1399.0,3795.0,1680.0,1427.0,5.0,45.0,Diesel,Manual,First,Individual,FWD,0
39000.0,2019.0,34000.0,3198.0,4903.0,1869.0,1837.0,7.0,80.0,Diesel,Automatic,First,Individual,AWD,0
6900.0,2015.0,48000.0,1373.0,4490.0,1730.0,1485.0,5.0,43.0,Petrol,Manual,First,Individual,FWD,0
7800.0,2012.0,143477.0,2494.0,4555.0,1770.0,1755.0,7.0,55.0,Diesel,Manual,Second,Individual,FWD,1
11580.0,2021.0,27000.0,1497.0,3995.0,1821.0,1627.0,5.0,42.0,Diesel,Manual,First,Individual,FWD,1
27000.0,2016.0,79000.0,2143.0,4417.0,1804.0,1494.0,5.0,50.0,Diesel,Automatic,First,Individual,AWD,2
5700.0,2015.0,72000.0,1498.0,4386.0,1683.0,1603.0,7.0,42.0,Diesel,Manual,Second,Individual,FWD,0
2700.0,2009.0,140000.0,1991.0,4800.0,1832.0,1485.0,5.0,70.0,Diesel,Manual,Third,Individual,FWD,0
4680.0,2014.0,49580.0,998.0,3600.0,1600.0,1560.0,5.0,35.0,Petrol,Manual,First,Individual,FWD,0
6300.0,2016.0,18800.0,1199.0,3955.0,1694.0,1544.0,5.0,40.0,Petrol,Manual,First,Individual,FWD,0
8340.0,2018.0,31000.0,1197.0,3995.0,1735.0,1515.0,5.0,37.0,Petrol,Manual,First,Individual,FWD,0
14700.0,2019.0,47000.0,1582.0,4270.0,1780.0,1665.0,5.0,55.0,Diesel,Manual,First,Individual,FWD,0
19140.0,2018.0,54154.0,2179.0,4585.0,1890.0,1785.0,7.0,70.0,Diesel,Automatic,Second,Individual,FWD,1
11400.0,2020.0,39000.0,1498.0,3995.0,1695.0,1501.0,5.0,35.0,Diesel,Automatic,First,Individual,FWD,0
21900.0,2022.0,11000.0,2184.0,3985.0,1820.0,1844.0,4.0,57.0,Diesel,Automatic,First,Individual,AWD,1
8760.0,2016.0,51834.0,1497.0,4440.0,1695.0,1495.0,5.0,40.0,Petrol,Manual,Second,Individual,FWD,0
11400.0,2018.0,71000.0,1248.0,3995.0,1790.0,1640.0,5.0,48.0,Diesel,Manual,Second,Individual,FWD,0
13788.0,2019.0,26894.0,1591.0,4440.0,1729.0,1475.0,5.0,45.0,Petrol,Automatic,First,Individual,FWD,0
10200.0,2019.0,85641.0,1493.0,3995.0,1835.0,1839.0,7.0,60.0,Diesel,Manual,First,Commercial Registration,RWD,1
2280.0,2006.0,130000.0,1799.0,4545.0,1750.0,1450.0,5.0,50.0,Petrol,Manual,Third,Individual,FWD,0
3588.0,2017.0,45000.0,796.0,3395.0,1490.0,1475.0,5.0,35.0,Otro,Manual,First,Individual,FWD,0
45420.0,2019.0,29221.0,1995.0,4454.0,2044.0,1545.0,5.0,63.0,Diesel,Automatic,First,Individual,RWD,3
8700.0,2021.0,45000.0,1197.0,3805.0,1680.0,1520.0,5.0,60.0,Otro,Manual,First,Individual,FWD,0
4500.0,2013.0,39000.0,1198.0,3970.0,1682.0,1453.0,5.0,45.0,Petrol,Manual,First,Individual,FWD,0
9720.0,2018.0,73000.0,1582.0,4440.0,1729.0,1475.0,5.0,45.0,Diesel,Manual,First,Individual,FWD,0
13140.0,2018.0,57000.0,2179.0,4585.0,1890.0,1785.0,7.0,70.0,Diesel,Manual,First,Individual,FWD,1
2940.0,2009.0,114000.0,1298.0,4160.0,1690.0,1530.0,5.0,43.0,Petrol,Manual,First,Individual,FWD,0
14100.0,2018.0,97000.0,1582.0,4375.0,1700.0,1475.0,5.0,43.0,Diesel,Manual,First,Individual,FWD,0
5400.0,2017.0,65000.0,1197.0,3850.0,1695.0,1530.0,5.0,42.0,Petrol,Manual,First,Individual,FWD,0
3360.0,2018.0,48000.0,796.0,3395.0,1490.0,1475.0,5.0,35.0,Petrol,Manual,Second,Individual,FWD,0
11400.0,2019.0,32809.0,1598.0,4386.0,1699.0,1466.0,5.0,55.0,Diesel,Manual,First,Individual,FWD,1
19332.0,2019.0,46301.0,1956.0,4655.0,1835.0,1760.0,5.0,60.0,Diesel,Manual,First,Individual,FWD,2
32280.0,2016.0,43323.0,2143.0,4879.0,1854.0,1474.0,5.0,80.0,Diesel,Automatic,Second,Individual,RWD,2
37080.0,2017.0,52000.0,2755.0,4795.0,1855.0,1835.0,7.0,80.0,Diesel,Automatic,First,Individual,RWD,1
4800.0,2017.0,35000.0,1197.0,3765.0,1660.0,1520.0,5.0,43.0,Petrol,Manual,First,Individual,FWD,0
7140.0,2015.0,45000.0,1197.0,3995.0,1760.0,1555.0,5.0,45.0,Petrol,Manual,First,Individual,FWD,0
38400.0,2018.0,35000.0,2628.2,4697.0,1882.0,1665.0,7.0,63.0,Diesel,Automatic,First,Individual,FWD,1
6600.0,2019.0,48000.0,998.0,3655.0,1620.0,1675.0,5.0,60.0,Otro,Manual,First,Individual,FWD,0
24479.988,2018.0,110000.0,2755.0,4735.0,1830.0,1795.0,7.0,55.0,Diesel,Automatic,First,Corporate,RWD,1
8220.0,2019.0,74000.0,1197.0,3995.0,1735.0,1515.0,5.0,37.0,Petrol,Manual,First,Individual,FWD,0
8580.0,2017.0,71000.0,1248.0,3995.0,1790.0,1640.0,5.0,48.0,Diesel,Manual,First,Individual,FWD,0
6360.0,2013.0,75000.0,1498.0,3999.0,1765.0,1708.0,5.0,52.0,Diesel,Manual,First,Individual,FWD,0
35400.0,2020.0,10700.0,1984.0,4318.0,1805.0,1548.0,5.0,55.0,Petrol,Automatic,First,Individual,AWD,2
33000.0,2021.0,34228.0,2393.0,4735.0,1830.0,1795.0,8.0,55.0,Diesel,Manual,First,Individual,RWD,1
3300.0,2013.0,34000.0,814.0,3495.0,1550.0,1500.0,5.0,32.0,Petrol,Manual,First,Individual,FWD,0
6600.0,2019.0,29000.0,1197.0,3850.0,1695.0,1530.0,5.0,42.0,Petrol,Manual,First,Individual,FWD,0
3564.0,2013.0,84000.0,1248.0,4490.0,1735.0,1560.0,5.0,50.0,Diesel,Manual,First,Individual,FWD,0
7800.0,2019.0,15000.0,1197.0,3765.0,1660.0,1520.0,5.0,43.0,Petrol,Automatic,First,Individual,FWD,0
5100.0,2019.0,53241.0,998.0,3565.0,1520.0,1564.0,5.0,27.0,Petrol,Manual,First,Individual,FWD,0
9360.0,2017.0,94827.0,1248.0,3995.0,1790.0,1640.0,5.0,48.0,Diesel,Manual,First,Individual,FWD,0
23700.0,2015.0,19000.0,1991.0,4630.0,1777.0,1432.0,5.0,54.0,Petrol,Automatic,First,Individual,FWD,2
4500.0,2013.0,29135.0,1197.0,3995.0,1710.0,1505.0,5.0,45.0,Petrol,Manual,First,Individual,FWD,0
6300.0,2015.0,85000.0,2498.0,3920.0,1710.0,1930.0,7.0,60.0,Diesel,Manual,Second,Individual,AWD,1
2880.0,2013.0,64000.0,998.0,3515.0,1500.0,1510.0,5.0,32.0,Petrol,Manual,First,Individual,FWD,0
7680.0,2016.0,52000.0,1248.0,3995.0,1790.0,1640.0,5.0,48.0,Diesel,Manual,Second,Individual,FWD,0
21000.0,2013.0,95000.0,2982.0,4705.0,1840.0,1850.0,7.0,80.0,Diesel,Manual,Second,Individual,AWD,1
20148.0,2016.0,46000.0,1995.0,4633.0,1811.0,1429.0,5.0,57.0,Diesel,Automatic,Second,Individual,RWD,3
5040.0,2018.0,50000.0,1218.6,3655.0,1620.0,1675.0,5.0,32.0,Petrol,Manual,UnRegistered Car,Individual,FWD,0
4140.0,2019.0,60969.0,1198.0,3785.0,1635.0,1485.0,5.0,35.0,Petrol,Manual,First,Individual,FWD,0
22200.0,2015.0,71700.0,1968.0,4385.0,1831.0,1608.0,5.0,64.0,Diesel,Automatic,Second,Individual,AWD,2
46800.0,2021.0,8000.0,1995.0,4454.0,2044.0,1545.0,5.0,63.0,Diesel,Automatic,First,Individual,RWD,3
9600.0,2021.0,13000.0,999.0,3991.0,1750.0,1605.0,5.0,40.0,Petrol,Automatic,First,Individual,FWD,0
8100.0,2016.0,50000.0,1248.0,3995.0,1790.0,1640.0,5.0,48.0,Diesel,Manual,First,Individual,FWD,0
3588.0,2013.0,64983.0,1399.0,3795.0,1680.0,1427.0,5.0,45.0,Diesel,Manual,First,Individual,FWD,0
10800.0,2019.0,17000.0,1199.0,3999.0,1734.0,1601.0,5.0,40.0,Petrol,Manual,First,Individual,FWD,0
16200.0,2015.0,60000.0,1968.0,4456.0,1796.0,1416.0,5.0,50.0,Diesel,Automatic,First,Individual,FWD,2
6720.0,2016.0,80000.0,1396.0,3985.0,1734.0,1505.0,5.0,40.0,Diesel,Manual,Second,Individual,FWD,0
5880.0,2014.0,56918.0,1198.0,3825.0,1665.0,1530.0,5.0,41.0,Petrol,Automatic,Second,Individual,FWD,0
5988.0,2014.0,88000.0,1498.0,4386.0,1699.0,1466.0,5.0,55.0,Diesel,Automatic,Second,Individual,FWD,1
3900.0,2013.0,23086.0,1197.0,3775.0,1680.0,1620.0,5.0,43.0,Petrol,Manual,First,Individual,FWD,0
21900.0,2021.0,45000.0,1353.0,4300.0,1790.0,1635.0,5.0,50.0,Petrol,Automatic,First,Individual,FWD,0
10620.0,2018.0,38000.0,1598.0,4413.0,1699.0,1466.0,5.0,55.0,Petrol,Manual,First,Individual,FWD,1
7500.0,2015.0,61000.0,1248.0,4490.0,1730.0,1485.0,5.0,43.0,Diesel,Manual,First,Individual,FWD,0
16680.0,2022.0,32000.0,1498.0,4549.0,1748.0,1489.0,5.0,40.0,Petrol,Automatic,First,Individual,FWD,0
10320.0,2016.0,57983.0,1591.0,4270.0,1780.0,1630.0,5.0,60.0,Petrol,Manual,First,Individual,FWD,0
4788.0,2014.0,88000.0,1598.0,4384.0,1699.0,1466.0,5.0,55.0,Petrol,Automatic,First,Individual,FWD,0
23640.0,2017.0,85000.0,1968.0,4385.0,1831.0,1608.0,5.0,64.0,Diesel,Automatic,Second,Individual,FWD,2
4320.0,2015.0,16205.0,998.0,3515.0,1550.0,1510.0,5.0,32.0,Petrol,Manual,First,Individual,FWD,0
5700.0,2014.0,61866.0,1197.0,3765.0,1660.0,1520.0,5.0,43.0,Petrol,Automatic,First,Individual,FWD,0
6600.0,2014.0,85000.0,1498.0,4440.0,1695.0,1495.0,5.0,40.0,Diesel,Manual,First,Individual,FWD,0
1920.0,2011.0,72000.0,998.0,3545.0,1490.0,1475.0,5.0,35.0,Petrol,Manual,First,Individual,FWD,0
8700.0,2017.0,75793.0,1248.0,3995.0,1790.0,1640.0,5.0,48.0,Diesel,Manual,First,Individual,FWD,0
5940.0,2008.0,95200.0,2148.0,4581.0,1770.0,1447.0,5.0,66.0,Diesel,Automatic,First,Corporate,RWD,2
9540.0,2015.0,86000.0,2523.0,4456.0,1820.0,1930.0,8.0,60.0,Diesel,Manual,Second,Individual,RWD,1
5028.0,2017.0,23700.0,799.0,3679.0,1579.0,1478.0,5.0,28.0,Petrol,Manual,First,Individual,FWD,0
13560.0,2015.0,50000.0,1997.0,4545.0,1820.0,1685.0,5.0,58.0,Petrol,Automatic,First,Individual,FWD,0
7560.0,2017.0,36000.0,1248.0,3995.0,1735.0,1515.0,5.0,37.0,Diesel,Manual,First,Individual,FWD,0
9743.988,2017.0,31000.0,1582.0,4440.0,1729.0,1475.0,5.0,45.0,Diesel,Manual,First,Individual,FWD,0
4140.0,2014.0,19000.0,998.0,3600.0,1600.0,1560.0,5.0,35.0,Petrol,Automatic,Second,Individual,FWD,0
6300.0,2015.0,68766.0,1197.0,3985.0,1734.0,1505.0,5.0,45.0,Petrol,Manual,First,Individual,FWD,0
1980.0,2009.0,55000.0,1197.0,3565.0,1595.0,1550.0,5.0,35.0,Petrol,Manual,First,Individual,FWD,0
5100.0,2016.0,52600.0,1198.0,3971.0,1682.0,1469.0,5.0,45.0,Petrol,Manual,First,Individual,FWD,0
10380.0,2015.0,43634.0,2494.0,4585.0,1765.0,1760.0,7.0,55.0,Diesel,Manual,First,Individual,RWD,1
28800.0,2010.0,34105.0,1796.0,4082.0,1777.0,1297.0,2.0,70.0,Petrol,Automatic,First,Individual,RWD,2
38400.0,2014.0,60513.0,2997.0,4804.0,2141.0,1796.0,5.0,70.0,Diesel,Automatic,First,Corporate,AWD,2
9540.0,2018.0,45326.0,1199.0,3999.0,1734.0,1601.0,5.0,40.0,Petrol,Manual,First,Individual,FWD,0
8388.0,2020.0,30777.0,1197.0,3655.0,1620.0,1675.0,5.0,32.0,Petrol,Automatic,First,Individual,FWD,0
17700.0,2022.0,9500.0,1497.0,4315.0,1800.0,1637.0,5.0,50.0,Petrol,Manual,First,Individual,FWD,1
6600.0,2014.0,75000.0,1396.0,3940.0,1710.0,1505.0,5.0,45.0,Diesel,Manual,First,Individual,FWD,0
26352.0,2019.0,42794.0,2755.0,4735.0,1830.0,1795.0,8.0,55.0,Diesel,Automatic,First,Individual,RWD,1
18000.0,2019.0,75000.0,2179.0,4585.0,1890.0,1785.0,7.0,70.0,Diesel,Manual,First,Individual,FWD,1
26400.0,2018.0,57000.0,2755.0,4735.0,1830.0,1795.0,7.0,55.0,Diesel,Automatic,First,Individual,RWD,1
9876.0,2018.0,90000.0,1462.0,4490.0,1730.0,1485.0,5.0,43.0,Petrol,Automatic,First,Individual,FWD,0
25200.0,2018.0,75592.0,2999.0,4825.0,1860.0,1840.0,7.0,65.0,Diesel,Automatic,First,Individual,RWD,2
9300.0,2018.0,39000.0,1497.0,4440.0,1695.0,1495.0,5.0,40.0,Petrol,Manual,Second,Individual,FWD,0
3780.0,2012.0,75000.0,1197.0,3585.0,1595.0,1550.0,5.0,35.0,Petrol,Manual,First,Individual,FWD,0
4380.0,2014.0,75693.0,998.0,3599.0,1495.0,1700.0,5.0,35.0,Otro,Manual,Second,Individual,FWD,0
10920.0,2019.0,34000.0,1462.0,4490.0,1730.0,1485.0,5.0,43.0,Petrol,Manual,First,Individual,FWD,0
3420.0,2013.0,25200.0,998.0,3539.0,1475.0,1700.0,5.0,35.0,Petrol,Manual,First,Individual,FWD,0
5100.0,2017.0,41624.0,998.0,3695.0,1600.0,1560.0,5.0,35.0,Petrol,Automatic,Second,Individual,FWD,0
8100.0,2018.0,64000.0,1248.0,3995.0,1790.0,1640.0,5.0,48.0,Diesel,Manual,First,Individual,FWD,0
17700.0,2019.0,9576.0,1591.0,4270.0,1780.0,1665.0,5.0,55.0,Petrol,Automatic,First,Individual,FWD,0
20400.0,2014.0,78000.0,1968.0,4629.0,1898.0,1653.0,5.0,75.0,Diesel,Automatic,First,Individual,AWD,2
11760.0,2011.0,78000.0,2497.0,4868.0,1854.0,1471.0,5.0,80.0,Petrol,Automatic,Second,Individual,RWD,2
16080.0,2021.0,11000.0,1497.0,4440.0,1695.0,1495.0,5.0,40.0,Petrol,Automatic,First,Individual,FWD,0
12960.0,2020.0,52000.0,1497.0,3995.0,1821.0,1627.0,5.0,42.0,Diesel,Manual,First,Individual,FWD,1
5340.0,2014.0,75000.0,1461.0,4331.0,1822.0,1671.0,5.0,50.0,Diesel,Manual,First,Individual,FWD,0
2880.0,2010.0,72000.0,1399.0,3795.0,1680.0,1427.0,5.0,45.0,Diesel,Manual,First,Individual,FWD,0
11339.988,2016.0,65321.0,2494.0,4585.0,1765.0,1760.0,8.0,55.0,Diesel,Manual,First,Individual,RWD,1
27540.0,2019.0,26000.0,2755.0,4735.0,1830.0,1795.0,7.0,55.0,Diesel,Automatic,First,Individual,RWD,1
2280.0,2013.0,63000.0,814.0,3495.0,1550.0,1500.0,5.0,32.0,Petrol,Manual,Second,Individual,FWD,0
7332.0,2017.0,51349.0,1197.0,3985.0,1734.0,1505.0,5.0,45.0,Petrol,Manual,First,Individual,FWD,0
15120.0,2018.0,33500.0,1591.0,4270.0,1780.0,1630.0,5.0,60.0,Petrol,Automatic,First,Individual,FWD,0
7740.0,2021.0,1374.0,1196.0,3675.0,1475.0,1800.0,5.0,40.0,Otro,Manual,First,Individual,RWD,0
8220.0,2015.0,85000.0,1498.0,4384.0,1699.0,1466.0,5.0,55.0,Diesel,Automatic,First,Individual,FWD,0
25200.0,2020.0,38500.0,2158.0,4314.0,1809.0,1620.0,5.0,52.2,Otro,Automatic,First,Individual,FWD,2
4500.0,2013.0,34000.0,1197.0,3585.0,1595.0,1550.0,5.0,35.0,Petrol,Automatic,First,Individual,FWD,0
15300.0,2012.0,101000.0,2143.0,4868.0,1854.0,1470.0,5.0,80.0,Diesel,Automatic,Second,Individual,RWD,2
11400.0,2022.0,10000.0,1197.0,3995.0,1735.0,1515.0,5.0,37.0,Petrol,Automatic,First,Individual,FWD,0
3900.0,2017.0,56000.0,814.0,3495.0,1550.0,1500.0,5.0,32.0,Petrol,Manual,First,Individual,FWD,0
9600.0,2018.0,66000.0,1248.0,3995.0,1735.0,1515.0,5.0,37.0,Diesel,Manual,First,Individual,FWD,0
3780.0,2011.0,38091.0,1197.0,3775.0,1695.0,1510.0,5.0,45.0,Petrol,Manual,First,Individual,FWD,1
10320.0,2018.0,82200.0,1497.0,3994.0,1811.0,1607.0,5.0,44.0,Diesel,Manual,First,Individual,FWD,0
19800.0,2021.0,12000.0,1493.0,4315.0,1800.0,1637.0,5.0,50.0,Diesel,Manual,First,Individual,FWD,1
21000.0,2021.0,17000.0,1582.0,4270.0,1780.0,1630.0,5.0,60.0,Diesel,Manual,First,Individual,FWD,0
39000.0,2020.0,32005.0,1995.0,4454.0,1798.0,1545.0,5.0,61.0,Diesel,Automatic,Second,Individual,RWD,3
23940.0,2020.0,8000.0,1956.0,4598.0,1894.0,1706.0,5.0,50.0,Diesel,Automatic,First,Individual,FWD,0
9839.988,2018.0,42000.0,1199.0,3999.0,1734.0,1601.0,5.0,40.0,Petrol,Manual,First,Individual,FWD,0
6780.0,2020.0,47000.0,998.0,3695.0,1600.0,1560.0,5.0,35.0,Petrol,Manual,First,Individual,FWD,0
21600.0,2014.0,19868.0,1968.0,4915.0,1874.0,1455.0,5.0,65.0,Diesel,Automatic,First,Individual,FWD,2
8280.0,2017.0,17268.0,1197.0,3985.0,1734.0,1505.0,5.0,45.0,Petrol,Manual,First,Individual,FWD,0
14940.0,2021.0,7239.0,1462.0,4445.0,1775.0,1700.0,6.0,45.0,Petrol,Manual,First,Individual,FWD,0
7200.0,2017.0,86000.0,1248.0,4490.0,1730.0,1485.0,5.0,43.0,Diesel,Manual,Second,Individual,FWD,0
7080.0,2015.0,116592.0,1497.0,4440.0,1695.0,1495.0,5.0,40.0,Petrol,Automatic,First,Individual,FWD,0
14388.0,2020.0,26497.0,1497.0,4440.0,1695.0,1495.0,5.0,40.0,Petrol,Manual,Second,Individual,FWD,0
5519.988,2015.0,55000.0,1248.0,3995.0,1695.0,1555.0,5.0,42.0,Diesel,Manual,Second,Individual,FWD,0
13080.0,2019.0,37000.0,1396.0,4270.0,1780.0,1665.0,5.0,55.0,Diesel,Manual,First,Individual,FWD,0
4020.0,2016.0,64000.0,1186.0,3765.0,1660.0,1520.0,5.0,43.0,Diesel,Manual,Second,Individual,FWD,0
13080.0,2020.0,26200.0,998.0,3995.0,1770.0,1605.0,5.0,45.0,Petrol,Automatic,First,Individual,FWD,0
40800.0,2019.0,30600.0,1984.0,4689.0,1814.0,1496.0,5.0,50.0,Petrol,Automatic,First,Corporate,FWD,1
23400.0,2014.0,24000.0,1496.0,3982.0,1727.0,1425.0,5.0,44.0,Diesel,Automatic,Second,Individual,FWD,4
4380.0,2009.0,90000.0,2179.0,4430.0,1817.0,1975.0,8.0,60.0,Diesel,Manual,Second,Individual,RWD,1
13200.0,2011.0,51500.0,2143.0,4596.0,1770.0,1447.0,5.0,66.0,Diesel,Automatic,Second,Individual,RWD,2
4500.0,2012.0,82000.0,1336.0,3995.0,1710.0,1505.0,5.0,45.0,Diesel,Manual,First,Individual,FWD,0
5388.0,2019.0,3583.0,796.0,3445.0,1515.0,1475.0,5.0,35.0,Petrol,Manual,First,Individual,FWD,0
4200.0,2013.0,45000.0,998.0,3539.0,1495.0,1700.0,5.0,35.0,Petrol,Manual,First,Individual,FWD,0
18156.0,2015.0,79000.0,1968.0,4385.0,1831.0,1608.0,5.0,64.0,Diesel,Automatic,Second,Individual,AWD,2
18180.0,2018.0,67546.0,1798.0,4670.0,1814.0,1476.0,5.0,50.0,Petrol,Automatic,Second,Individual,FWD,1
6000.0,2014.0,62000.0,1498.0,3987.0,1698.0,1483.0,5.0,45.0,Diesel,Manual,First,Individual,FWD,0
7500.0,2014.0,54000.0,1498.0,3971.0,1682.0,1469.0,5.0,45.0,Diesel,Manual,First,Individual,FWD,0
17700.0,2021.0,12000.0,2184.0,3985.0,1820.0,1844.0,4.0,57.0,Diesel,Manual,First,Individual,AWD,1
28800.0,2016.0,60000.0,1991.0,4879.0,1854.0,1474.0,5.0,80.0,Petrol,Automatic,Second,Individual,RWD,2
9900.0,2017.0,62000.0,1396.0,4270.0,1780.0,1630.0,5.0,60.0,Diesel,Manual,First,Individual,FWD,0
24587.988,2020.0,45350.0,2179.0,4585.0,1890.0,1785.0,7.0,70.0,Diesel,Automatic,First,Individual,FWD,1
8280.0,2016.0,35000.0,1461.0,4315.0,1822.0,1695.0,5.0,50.0,Diesel,Automatic,Second,Individual,FWD,0
27300.0,2022.0,38000.0,1956.0,4598.0,1894.0,1706.0,5.0,50.0,Diesel,Automatic,First,Individual,FWD,0
4500.0,2014.0,71000.0,1248.0,3987.0,1687.0,1495.0,5.0,45.0,Diesel,Manual,First,Individual,FWD,0
3540.0,2015.0,31000.0,998.0,3545.0,1490.0,1475.0,5.0,35.0,Petrol,Manual,First,Individual,FWD,0
18000.0,2014.0,69000.0,1968.0,4915.0,1874.0,1455.0,5.0,65.0,Diesel,Automatic,First,Individual,FWD,2
7188.0,2015.0,72000.0,1248.0,4265.0,1695.0,1685.0,7.0,45.0,Diesel,Manual,First,Individual,FWD,0
7080.0,2014.0,86000.0,1248.0,3850.0,1695.0,1530.0,5.0,42.0,Diesel,Manual,First,Individual,FWD,0
5040.0,2017.0,43000.0,999.0,3679.0,1579.0,1478.0,5.0,28.0,Petrol,Manual,UnRegistered Car,Individual,FWD,0
11520.0,2018.0,24000.0,1461.0,4315.0,1822.0,1695.0,5.0,50.0,Diesel,Manual,First,Individual,FWD,0
5400.0,2016.0,44613.0,1498.0,3995.0,1695.0,1525.0,5.0,40.0,Diesel,Manual,First,Individual,FWD,0
21000.0,2014.0,59000.0,2143.0,4879.0,1854.0,1474.0,5.0,80.0,Diesel,Automatic,First,Individual,RWD,2
6000.0,2016.0,26000.0,1197.0,3995.0,1695.0,1555.0,5.0,42.0,Petrol,Manual,First,Individual,FWD,0
23700.0,2021.0,18500.0,1956.0,4655.0,1835.0,1760.0,5.0,60.0,Diesel,Manual,First,Individual,FWD,2
5580.0,2014.0,65000.0,1197.0,3995.0,1695.0,1555.0,5.0,42.0,Petrol,Manual,Second,Individual,FWD,0
11988.0,2019.0,27464.0,998.0,3995.0,1770.0,1605.0,5.0,45.0,Petrol,Manual,First,Individual,FWD,0
6780.0,2017.0,65000.0,1493.0,3995.0,1835.0,1839.0,7.0,60.0,Diesel,Manual,Second,Individual,RWD,1
34200.0,2017.0,58000.0,1798.0,4933.0,1874.0,1455.0,5.0,75.0,Petrol,Automatic,First,Individual,FWD,2
1860.0,2011.0,90342.0,796.0,3495.0,1475.0,1460.0,5.0,35.0,Otro,Manual,Second,Individual,FWD,0
4560.0,2015.0,55660.0,1197.0,3765.0,1660.0,1520.0,5.0,43.0,Petrol,Manual,First,Individual,FWD,0
7500.0,2014.0,80000.0,1582.0,4530.0,1775.0,1470.0,5.0,56.0,Diesel,Automatic,First,Individual,FWD,0
3059.9880000000003,2012.0,17000.0,1086.0,3565.0,1525.0,1590.0,5.0,35.0,Petrol,Manual,First,Individual,FWD,0
11460.0,2016.0,110000.0,1997.0,4585.0,1890.0,1785.0,7.0,70.0,Diesel,Automatic,First,Individual,FWD,1
4680.0,2014.0,81000.0,1120.0,3995.0,1660.0,1520.0,5.0,43.0,Diesel,Manual,First,Individual,FWD,0
3240.0,2012.0,41200.0,1197.0,3585.0,1595.0,1550.0,5.0,35.0,Petrol,Manual,First,Individual,FWD,0
7020.0,2019.0,12000.0,1199.0,3746.0,1647.0,1535.0,5.0,35.0,Petrol,Automatic,First,Individual,FWD,0
8100.0,2011.0,97000.0,2143.0,4596.0,2020.0,1447.0,5.0,66.0,Diesel,Automatic,First,Individual,RWD,2
9540.0,2017.0,9000.0,1373.0,4296.0,1695.0,1685.0,7.0,45.0,Petrol,Manual,First,Individual,FWD,0
16500.0,2013.0,102000.0,1995.0,4633.0,1811.0,1429.0,5.0,57.0,Diesel,Automatic,Second,Individual,RWD,3
13800.0,2014.0,39000.0,1595.0,4359.0,2010.0,1557.0,5.0,50.0,Petrol,Automatic,Second,Individual,FWD,2
4500.0,2013.0,86000.0,1497.0,4440.0,1695.0,1485.0,5.0,42.0,Petrol,Manual,Second,Individual,FWD,0
3240.0,2010.0,86000.0,1197.0,3565.0,1595.0,1550.0,5.0,35.0,Petrol,Manual,Second,Individual,FWD,0
5100.0,2014.0,72000.0,1461.0,4315.0,1822.0,1695.0,5.0,50.0,Diesel,Manual,Second,Individual,FWD,0
6240.0,2018.0,40000.0,1197.0,3850.0,1695.0,1530.0,5.0,42.0,Petrol,Manual,Second,Individual,FWD,0
5580.0,2014.0,75000.0,1197.0,3850.0,1695.0,1530.0,5.0,42.0,Petrol,Manual,First,Individual,FWD,0
9060.0,2017.0,57000.0,1373.0,4490.0,1730.0,1485.0,5.0,43.0,Petrol,Manual,First,Individual,FWD,0
8340.0,2018.0,55000.0,1248.0,3995.0,1735.0,1515.0,5.0,37.0,Diesel,Automatic,First,Individual,FWD,0
9900.0,2019.0,81300.0,1248.0,3995.0,1790.0,1640.0,5.0,48.0,Diesel,Manual,First,Individual,FWD,0
16800.0,2013.0,121000.0,1995.0,4899.0,2094.0,1464.0,5.0,72.8,Diesel,Automatic,First,Individual,RWD,3
36000.0,2021.0,38000.0,2393.0,4735.0,1830.0,1795.0,7.0,55.0,Diesel,Automatic,First,Individual,RWD,1
7800.0,2016.0,100000.0,1197.0,3985.0,1734.0,1505.0,5.0,45.0,Petrol,Manual,First,Individual,FWD,0
6900.0,2018.0,27239.0,998.0,3600.0,1600.0,1560.0,5.0,35.0,Petrol,Automatic,First,Individual,FWD,0
7200.0,2014.0,53213.0,1248.0,4265.0,1695.0,1685.0,7.0,45.0,Diesel,Manual,First,Individual,FWD,0
14388.0,2012.0,12749.0,2982.0,4705.0,1840.0,1850.0,7.0,80.0,Diesel,Manual,First,Individual,AWD,1
31800.0,2017.0,70000.0,2143.0,4686.0,1810.0,1442.0,5.0,66.0,Diesel,Automatic,Second,Individual,RWD,2
8532.0,2018.0,67900.0,1248.0,3995.0,1790.0,1640.0,5.0,48.0,Diesel,Manual,First,Individual,FWD,0
4919.988,2014.0,20000.0,1197.0,3850.0,1695.0,1530.0,5.0,42.0,Petrol,Manual,Second,Individual,FWD,0
18600.0,2020.0,48400.0,2011.0,3993.0,1811.0,1606.0,5.0,63.4,Otro,Automatic,First,Individual,FWD,0
4200.0,2012.0,55000.0,998.0,3539.0,1475.0,1700.0,5.0,35.0,Petrol,Manual,First,Individual,FWD,0
20700.0,2020.0,35000.0,1493.0,4300.0,1790.0,1635.0,5.0,50.0,Diesel,Manual,First,Individual,FWD,0
22200.0,2021.0,23280.0,1997.0,3985.0,1820.0,1920.0,6.0,57.0,Petrol,Manual,Second,Individual,AWD,1
10200.0,2019.0,32000.0,1462.0,4490.0,1730.0,1485.0,5.0,43.0,Petrol,Automatic,First,Individual,FWD,0
6900.0,2019.0,71569.0,1498.0,3886.0,1695.0,1525.0,5.0,40.0,Diesel,Manual,First,Individual,FWD,0
8040.0,2017.0,72000.0,1493.0,3995.0,1745.0,1880.0,7.0,44.6,Diesel,Manual,First,Individual,RWD,1
8100.0,2017.0,73315.0,1373.0,4490.0,1730.0,1485.0,5.0,43.0,Petrol,Manual,First,Individual,FWD,0
7380.0,2017.0,36058.0,1197.0,3995.0,1745.0,1500.0,5.0,37.0,Petrol,Manual,First,Individual,FWD,0
38388.0,2021.0,6900.0,1798.0,4861.0,1864.0,1483.0,5.0,66.0,Petrol,Automatic,First,Individual,FWD,1
6900.0,2017.0,53580.0,1199.0,3999.0,1734.0,1601.0,5.0,40.0,Petrol,Manual,First,Individual,FWD,0
7860.0,2017.0,24003.0,1199.0,3955.0,1694.0,1544.0,5.0,40.0,Petrol,Manual,First,Individual,FWD,0
6720.0,2017.0,29000.0,1197.0,3765.0,1660.0,1520.0,5.0,43.0,Petrol,Manual,First,Individual,FWD,0
5219.988,2015.0,32545.0,1197.0,3895.0,1735.0,1555.0,5.0,45.0,Petrol,Manual,First,Individual,FWD,1
4620.0,2011.0,69000.0,1197.0,3850.0,1695.0,1530.0,5.0,42.0,Petrol,Manual,First,Individual,FWD,0
16500.0,2021.0,16000.0,1655.4,3993.0,1811.0,1606.0,5.0,53.0,Otro,Automatic,First,Individual,FWD,0
4560.0,2012.0,53000.0,1591.0,4370.0,1700.0,1475.0,5.0,43.0,Petrol,Manual,First,Corporate,FWD,0
22500.0,2021.0,10000.0,1451.0,4720.0,1835.0,1760.0,6.0,60.0,Petrol,Automatic,First,Individual,FWD,2
7440.0,2019.0,42356.0,1197.0,3995.0,1745.0,1500.0,5.0,37.0,Petrol,Manual,First,Individual,FWD,0
12000.0,2016.0,33000.0,2179.0,4585.0,1890.0,1785.0,7.0,70.0,Diesel,Manual,First,Individual,AWD,1
15588.0,2020.0,31348.0,1497.0,3995.0,1821.0,1627.0,5.0,42.0,Diesel,Manual,First,Individual,FWD,1
9468.0,2017.0,60444.0,1498.0,4315.0,1822.0,1695.0,5.0,50.0,Petrol,Manual,First,Individual,FWD,0
43800.0,2019.0,6000.0,1998.0,4633.0,1811.0,1429.0,5.0,57.0,Petrol,Automatic,First,Individual,RWD,3
6780.0,2015.0,65000.0,1396.0,3985.0,1734.0,1505.0,5.0,45.0,Diesel,Manual,Second,Individual,FWD,0
4260.0,2020.0,40000.0,796.0,3395.0,1490.0,1475.0,5.0,35.0,Petrol,Manual,First,Individual,FWD,0
9300.0,2018.0,40000.0,1197.0,3995.0,1745.0,1510.0,5.0,37.0,Petrol,Automatic,First,Individual,FWD,0
7332.0,2017.0,65000.0,1396.0,3985.0,1734.0,1505.0,5.0,45.0,Diesel,Manual,First,Individual,FWD,0
15900.0,2021.0,9900.0,1591.0,4370.0,1700.0,1475.0,5.0,43.0,Petrol,Automatic,First,Individual,FWD,0
37500.0,2020.0,28600.0,1798.0,4701.0,1826.0,1427.0,5.0,63.0,Petrol,Automatic,First,Individual,FWD,2
7980.0,2017.0,92000.0,1493.0,3995.0,1745.0,1880.0,7.0,46.4,Diesel,Manual,First,Individual,RWD,1
21900.0,2016.0,82567.0,2393.0,4735.0,1830.0,1795.0,7.0,55.0,Diesel,Manual,First,Individual,RWD,1
8160.0,2014.0,85000.0,1364.0,4620.0,1775.0,1475.0,5.0,50.0,Diesel,Manual,Second,Individual,FWD,1
6420.0,2015.0,28000.0,999.0,3999.0,1765.0,1708.0,5.0,52.0,Petrol,Manual,First,Individual,FWD,0
5940.0,2012.0,65001.0,1497.0,4440.0,1695.0,1485.0,5.0,42.0,Petrol,Automatic,First,Individual,FWD,0
23400.0,2018.0,54000.0,2694.0,4735.0,1830.0,1795.0,7.0,65.0,Petrol,Automatic,First,Individual,RWD,1
4080.0,2016.0,52303.0,796.0,3395.0,1490.0,1475.0,5.0,35.0,Petrol,Manual,First,Commercial Registration,FWD,0
4860.0,2018.0,34000.0,814.0,3495.0,1550.0,1500.0,5.0,32.0,Petrol,Manual,First,Individual,FWD,0
4080.0,2013.0,66000.0,1197.0,3850.0,1695.0,1530.0,5.0,42.0,Petrol,Manual,First,Individual,FWD,0
23700.0,2018.0,75000.0,2755.0,4735.0,1830.0,1795.0,7.0,55.0,Diesel,Automatic,First,Individual,RWD,1
8700.0,2016.0,42000.0,1582.0,4375.0,1700.0,1475.0,5.0,43.0,Diesel,Manual,First,Individual,FWD,0
8280.0,2015.0,59000.0,1497.0,4440.0,1695.0,1495.0,5.0,40.0,Petrol,Automatic,First,Individual,FWD,0
5580.0,2019.0,19000.0,1086.0,3610.0,1645.0,1560.0,5.0,35.0,Petrol,Automatic,First,Individual,FWD,0
7092.0,2015.0,65000.0,1248.0,4490.0,1730.0,1485.0,5.0,43.0,Diesel,Manual,First,Individual,FWD,0
6960.0,2018.0,28851.0,1248.0,3840.0,1735.0,1530.0,5.0,37.0,Diesel,Manual,First,Corporate,FWD,0
8340.0,2018.0,8000.0,1197.0,3840.0,1735.0,1530.0,5.0,37.0,Petrol,Automatic,First,Individual,FWD,0
3588.0,2013.0,46000.0,998.0,3636.0,1475.0,1670.0,5.0,35.0,Petrol,Manual,First,Individual,FWD,0
33000.0,2017.0,51800.0,1995.0,4936.0,1868.0,1479.0,5.0,65.0,Diesel,Automatic,Second,Individual,RWD,3
11280.0,2021.0,35000.0,1598.0,4390.0,1699.0,1467.0,5.0,55.0,Petrol,Manual,First,Corporate,FWD,0
6540.0,2017.0,22000.0,1197.0,3700.0,1690.0,1595.0,5.0,32.0,Petrol,Automatic,First,Individual,FWD,0
8580.0,2021.0,16000.0,1197.0,3995.0,1745.0,1500.0,5.0,37.0,Petrol,Manual,First,Individual,FWD,0
7140.0,2015.0,43000.0,1498.0,3999.0,1765.0,1708.0,5.0,52.0,Diesel,Manual,First,Individual,FWD,0
2759.9880000000003,2010.0,72000.0,1298.0,4160.0,1690.0,1530.0,5.0,43.0,Petrol,Manual,First,Individual,FWD,0
6000.0,2012.0,86288.0,1598.0,4386.0,1699.0,1466.0,5.0,55.0,Diesel,Manual,First,Individual,FWD,1
7080.0,2014.0,55000.0,1461.0,4331.0,1822.0,1671.0,5.0,50.0,Diesel,Manual,Second,Individual,FWD,0
10500.0,2018.0,28000.0,1497.0,4440.0,1695.0,1495.0,5.0,40.0,Petrol,Manual,First,Individual,FWD,0
7740.0,2019.0,35000.0,1197.0,3985.0,1734.0,1505.0,5.0,45.0,Petrol,Manual,First,Individual,FWD,0
23100.0,2022.0,9355.0,1497.0,4300.0,1790.0,1635.0,5.0,50.0,Petrol,Automatic,First,Individual,FWD,0
2940.0,2016.0,55000.0,796.0,3395.0,1490.0,1475.0,5.0,35.0,Petrol,Manual,First,Individual,FWD,0
38520.0,2018.0,37000.0,2755.0,4795.0,1855.0,1835.0,7.0,80.0,Diesel,Automatic,First,Individual,RWD,1
5940.0,2015.0,13716.0,1197.0,3995.0,1695.0,1555.0,5.0,42.0,Petrol,Manual,First,Individual,FWD,0
6600.0,2020.0,19000.0,1197.0,3655.0,1620.0,1675.0,5.0,32.0,Petrol,Manual,First,Individual,FWD,0
5700.0,2019.0,25000.0,998.0,3695.0,1600.0,1560.0,5.0,35.0,Petrol,Manual,First,Individual,FWD,0
3300.0,2011.0,65000.0,1248.0,3995.0,1695.0,1555.0,5.0,42.0,Diesel,Manual,First,Individual,FWD,0
4020.0,2013.0,64418.0,1198.0,3610.0,1680.0,1500.0,5.0,35.0,Petrol,Automatic,Second,Individual,FWD,0
4200.0,2012.0,89445.0,1248.0,3715.0,1680.0,1620.0,5.0,43.0,Diesel,Manual,First,Individual,FWD,0
9900.0,2019.0,9644.0,1197.0,3995.0,1735.0,1515.0,5.0,37.0,Petrol,Automatic,First,Individual,FWD,0
15588.0,2018.0,50000.0,1591.0,4270.0,1780.0,1630.0,5.0,60.0,Petrol,Automatic,First,Individual,FWD,0
4680.0,2019.0,56000.0,796.0,3395.0,1490.0,1475.0,5.0,35.0,Otro,Manual,First,Individual,FWD,0
14640.0,2020.0,35000.0,2179.0,4456.0,1820.0,1995.0,7.0,60.0,Diesel,Manual,First,Individual,RWD,1
5100.0,2014.0,53610.0,1198.0,3990.0,1680.0,1505.0,5.0,35.0,Petrol,Manual,Second,Individual,FWD,0
15600.0,2020.0,27000.0,1493.0,4315.0,1800.0,1645.0,5.0,50.0,Diesel,Manual,First,Individual,FWD,1
16200.0,2015.0,47706.0,1968.0,4385.0,1831.0,1608.0,5.0,64.0,Diesel,Automatic,First,Individual,AWD,2
12900.0,2019.0,30672.0,1462.0,4490.0,1730.0,1485.0,5.0,43.0,Petrol,Automatic,First,Individual,FWD,0
7080.0,2016.0,77000.0,1598.0,4300.0,1765.0,1590.0,5.0,48.0,Diesel,Manual,First,Individual,FWD,0
10200.0,2016.0,114000.0,2179.0,4585.0,1890.0,1785.0,7.0,70.0,Diesel,Manual,First,Individual,FWD,1
6600.0,2013.0,47000.0,1499.0,3999.0,1765.0,1708.0,5.0,52.0,Petrol,Manual,First,Individual,FWD,0
22500.0,2022.0,15000.0,2184.0,3985.0,1820.0,1844.0,4.0,57.0,Diesel,Automatic,First,Individual,AWD,1
27000.0,2019.0,28000.0,2393.0,4735.0,1830.0,1795.0,8.0,55.0,Diesel,Manual,First,Individual,RWD,1
6300.0,2014.0,43550.0,1198.0,3970.0,1682.0,1453.0,5.0,45.0,Petrol,Manual,First,Individual,FWD,0
31176.0,2022.0,12050.0,2694.0,4735.0,1830.0,1795.0,7.0,65.0,Petrol,Automatic,First,Individual,RWD,1
3900.0,2012.0,118000.0,1586.0,4490.0,1735.0,1560.0,5.0,50.0,Petrol,Manual,First,Individual,FWD,0
8100.0,2019.0,74237.0,1199.0,3995.0,1695.0,1501.0,5.0,35.0,Petrol,Manual,First,Individual,FWD,0
8280.0,2014.0,37000.0,1497.0,4440.0,1695.0,1495.0,5.0,40.0,Petrol,Manual,First,Individual,FWD,0
30600.0,2017.0,36000.0,1968.0,4385.0,1831.0,1608.0,5.0,64.0,Diesel,Automatic,First,Individual,AWD,2
6600.0,2015.0,33000.0,1197.0,3985.0,1734.0,1505.0,5.0,45.0,Petrol,Manual,First,Individual,FWD,0
7500.0,2021.0,28000.0,999.0,3994.0,1758.0,1572.0,5.0,40.0,Petrol,Manual,First,Corporate,FWD,0
2940.0,2014.0,79000.0,1197.0,3775.0,1680.0,1620.0,5.0,43.0,Petrol,Manual,Second,Individual,FWD,0
7080.0,2020.0,74000.0,1197.0,3805.0,1680.0,1520.0,5.0,37.0,Petrol,Manual,First,Individual,FWD,0
11700.0,2019.0,58000.0,1248.0,3995.0,1790.0,1640.0,5.0,48.0,Diesel,Manual,First,Individual,FWD,0
10500.0,2019.0,36000.0,1497.0,4440.0,1695.0,1495.0,5.0,40.0,Petrol,Manual,First,Individual,FWD,0
4800.0,2015.0,65000.0,1248.0,3995.0,1695.0,1555.0,5.0,42.0,Diesel,Manual,Second,Individual,FWD,0
6600.0,2014.0,89000.0,1248.0,3995.0,1695.0,1555.0,5.0,42.0,Diesel,Manual,First,Individual,FWD,0
20700.0,2019.0,23952.0,1956.0,4655.0,1835.0,1760.0,5.0,60.0,Diesel,Manual,First,Individual,FWD,2
14340.0,2022.0,6200.0,998.0,3995.0,1790.0,1647.0,5.0,45.0,Petrol,Manual,First,Individual,FWD,1
6180.0,2014.0,141334.0,1248.0,3850.0,1695.0,1530.0,5.0,42.0,Diesel,Manual,Second,Individual,FWD,0
8700.0,2017.0,64000.0,1248.0,3995.0,1790.0,1640.0,5.0,48.0,Diesel,Manual,First,Individual,FWD,0
6828.0,2016.0,11471.0,998.0,3695.0,1600.0,1560.0,5.0,35.0,Petrol,Automatic,First,Individual,FWD,0
46500.0,2021.0,12000.0,1998.0,4299.0,1822.0,1557.0,5.0,47.0,Petrol,Automatic,First,Individual,FWD,4
6900.0,2017.0,69508.0,1498.0,3995.0,1682.0,1483.0,5.0,45.0,Diesel,Manual,Second,Individual,FWD,0
46800.0,2021.0,41086.0,1996.0,4903.0,1869.0,1837.0,7.0,80.0,Diesel,Automatic,Second,Individual,AWD,0
6300.0,2014.0,48000.0,1461.0,4315.0,1822.0,1695.0,5.0,50.0,Diesel,Manual,First,Individual,FWD,0
43200.0,2018.0,45000.0,1999.0,4360.0,2120.0,1635.0,5.0,57.0,Diesel,Automatic,First,Individual,AWD,4
7200.0,2017.0,48000.0,1498.0,4315.0,1822.0,1695.0,5.0,50.0,Petrol,Manual,First,Individual,FWD,0
20400.0,2022.0,9000.0,1493.0,4300.0,1790.0,1635.0,5.0,50.0,Diesel,Manual,First,Individual,FWD,0
39588.0,2017.0,29999.0,1999.0,4795.0,1967.0,1416.0,5.0,56.0,Diesel,Automatic,First,Individual,RWD,4
17820.0,2021.0,13000.0,1493.0,3995.0,1790.0,1647.0,5.0,45.0,Diesel,Automatic,First,Individual,FWD,1
5819.988,2018.0,35000.0,1199.0,3746.0,1647.0,1535.0,5.0,35.0,Petrol,Automatic,First,Individual,FWD,0
2759.9880000000003,2012.0,52000.0,998.0,3600.0,1495.0,1595.0,5.0,35.0,Petrol,Manual,First,Individual,FWD,0
35400.0,2021.0,38000.0,1956.0,4405.0,1818.0,1640.0,5.0,60.0,Diesel,Automatic,First,Individual,AWD,2
3588.0,2013.0,47000.0,1197.0,3850.0,1695.0,1530.0,5.0,42.0,Petrol,Manual,First,Individual,FWD,0
9588.0,2018.0,79800.0,1582.0,4375.0,1700.0,1475.0,5.0,43.0,Diesel,Manual,First,Individual,FWD,0
5400.0,2016.0,53300.0,1197.0,3765.0,1660.0,1520.0,5.0,43.0,Petrol,Manual,First,Individual,FWD,0
7260.0,2019.0,27469.0,1197.0,3995.0,1745.0,1500.0,5.0,37.0,Petrol,Manual,First,Individual,FWD,0
14100.0,2013.0,50000.0,1968.0,4701.0,1826.0,1427.0,5.0,63.0,Diesel,Automatic,First,Individual,FWD,2
5388.0,2018.0,53512.0,1199.0,3746.0,1647.0,1535.0,5.0,35.0,Petrol,Manual,Second,Individual,FWD,0
6540.0,2013.0,63000.0,1797.0,4530.0,1775.0,1470.0,5.0,56.0,Petrol,Automatic,First,Individual,FWD,0
4020.0,2008.0,140987.0,2987.0,4818.0,1822.0,1420.0,5.0,80.0,Diesel,Automatic,Second,Individual,RWD,2
5400.0,2011.0,95000.0,1794.0,4540.0,1760.0,1480.0,5.0,55.0,Petrol,Automatic,First,Individual,FWD,1
13380.0,2018.0,37000.0,1591.0,4270.0,1780.0,1665.0,5.0,55.0,Petrol,Manual,Second,Individual,FWD,0
20400.0,2021.0,14000.0,2184.0,3985.0,1820.0,1844.0,4.0,57.0,Diesel,Automatic,First,Individual,AWD,1
5819.988,2018.0,55221.0,1197.0,3765.0,1660.0,1520.0,5.0,43.0,Petrol,Manual,First,Individual,FWD,0
4200.0,2012.0,130000.0,1598.0,4386.0,1699.0,1466.0,5.0,55.0,Diesel,Manual,First,Individual,FWD,1
18900.0,2019.0,55000.0,1493.0,4315.0,1800.0,1645.0,5.0,50.0,Diesel,Manual,First,Individual,FWD,1
10560.0,2018.0,47000.0,1598.0,4386.0,1699.0,1466.0,5.0,55.0,Petrol,Manual,First,Individual,FWD,1
6720.0,2016.0,22700.0,1197.0,3995.0,1760.0,1555.0,5.0,45.0,Petrol,Manual,First,Individual,FWD,0
8820.0,2019.0,55000.0,1197.0,3995.0,1745.0,1510.0,5.0,37.0,Petrol,Manual,First,Individual,FWD,1
6000.0,2013.0,135000.0,2179.0,4585.0,1890.0,1785.0,7.0,70.0,Diesel,Manual,First,Individual,FWD,1
7140.0,2016.0,80000.0,1199.0,3955.0,1694.0,1544.0,5.0,40.0,Petrol,Automatic,First,Individual,FWD,0
7176.0,2015.0,58200.0,1591.0,4370.0,1700.0,1475.0,5.0,43.0,Petrol,Automatic,First,Individual,FWD,0
11400.0,2019.0,22000.0,1497.0,4440.0,1695.0,1495.0,5.0,40.0,Petrol,Manual,First,Individual,FWD,0
28620.0,2015.0,60921.0,1991.0,4686.0,1810.0,1442.0,5.0,66.0,Petrol,Automatic,Second,Individual,RWD,2
3480.0,2011.0,91000.0,1197.0,3585.0,1595.0,1550.0,5.0,35.0,Petrol,Manual,First,Individual,FWD,0
18000.0,2009.0,75000.0,3498.0,5076.0,1871.0,1473.0,5.0,90.0,Petrol,Automatic,Second,Individual,RWD,2
5340.0,2014.0,38985.0,1498.0,3998.0,1765.0,1647.0,5.0,52.0,Diesel,Manual,First,Individual,FWD,0
4140.0,2007.0,92000.0,1995.0,4470.0,1810.0,1695.0,5.0,66.0,Petrol,Automatic,Third,Individual,AWD,0
16800.0,2019.0,13000.0,1591.0,4270.0,1780.0,1630.0,5.0,60.0,Petrol,Automatic,First,Individual,FWD,0
20700.0,2019.0,68758.0,1956.0,4598.0,1894.0,1706.0,5.0,50.0,Diesel,Manual,First,Individual,FWD,0
36000.0,2017.0,42000.0,1395.0,4726.0,1842.0,1427.0,5.0,54.0,Petrol,Automatic,First,Individual,FWD,2
36600.0,2020.0,40910.0,1968.0,4456.0,1796.0,1416.0,5.0,50.0,Diesel,Automatic,First,Individual,FWD,2
15000.0,2013.0,71141.0,1984.0,4370.0,1783.0,1458.0,5.0,60.0,Diesel,Automatic,First,Individual,FWD,2
4080.0,2011.0,109000.0,1794.0,4540.0,1760.0,1480.0,5.0,55.0,Petrol,Manual,Second,Individual,FWD,1
6564.0,2013.0,36623.0,1591.0,4370.0,1700.0,1475.0,5.0,43.0,Petrol,Manual,First,Individual,FWD,0
45600.0,2017.0,50000.0,1999.0,4360.0,2120.0,1635.0,5.0,57.0,Diesel,Automatic,First,Individual,AWD,4
7680.0,2016.0,124000.0,1598.0,4386.0,1699.0,1466.0,5.0,55.0,Diesel,Manual,First,Individual,FWD,1
7740.0,2013.0,17000.0,1797.0,4530.0,1775.0,1470.0,5.0,56.0,Petrol,Manual,First,Individual,FWD,0
7200.0,2016.0,70000.0,1498.0,4440.0,1695.0,1495.0,5.0,40.0,Diesel,Manual,First,Individual,FWD,0
39600.0,2017.0,41296.0,1995.0,4899.0,2094.0,1464.0,5.0,65.0,Diesel,Automatic,First,Individual,RWD,3
11700.0,2019.0,41792.0,1462.0,4445.0,1775.0,1700.0,6.0,45.0,Petrol,Manual,First,Individual,FWD,0
10200.0,2018.0,65000.0,2179.0,4788.0,1903.0,1791.0,7.0,60.0,Diesel,Manual,First,Individual,RWD,0
19800.0,2012.0,44000.0,5461.0,5226.0,2120.0,1479.0,5.0,90.0,Petrol,Automatic,Third,Individual,RWD,2
4800.0,2017.0,43000.0,998.0,3599.0,1495.0,1700.0,5.0,35.0,Otro,Manual,First,Individual,FWD,0
22200.0,2016.0,37600.0,2143.0,4299.0,1780.0,1433.0,4.0,50.0,Diesel,Automatic,First,Individual,FWD,2
3540.0,2013.0,74000.0,1498.0,4291.0,1722.0,1496.0,5.0,43.0,Diesel,Manual,First,Individual,FWD,0
12180.0,2015.0,68566.0,1582.0,4270.0,1780.0,1630.0,5.0,60.0,Diesel,Automatic,First,Individual,FWD,0
18300.0,2014.0,72000.0,2982.0,4705.0,1840.0,1850.0,7.0,80.0,Diesel,Automatic,First,Individual,RWD,1
8700.0,2014.0,104814.0,1798.0,4540.0,1760.0,1480.0,5.0,55.0,Petrol,Manual,First,Individual,FWD,1
11100.0,2017.0,29401.0,1591.0,4270.0,1780.0,1630.0,5.0,60.0,Petrol,Manual,First,Individual,FWD,0
6540.0,2017.0,61518.0,1197.0,3995.0,1745.0,1500.0,5.0,37.0,Petrol,Manual,First,Individual,FWD,0
3540.0,2016.0,34736.0,999.0,3679.0,1579.0,1478.0,5.0,28.0,Petrol,Manual,First,Individual,FWD,0
7092.0,2017.0,20281.0,1197.0,3985.0,1734.0,1505.0,5.0,45.0,Petrol,Manual,First,Individual,FWD,0
5400.0,2013.0,61000.0,1497.0,4440.0,1695.0,1485.0,5.0,42.0,Petrol,Manual,First,Individual,FWD,0
3900.0,2013.0,46721.0,1197.0,3565.0,1595.0,1550.0,5.0,35.0,Petrol,Automatic,Second,Individual,FWD,0
3300.0,2011.0,42000.0,1197.0,3585.0,1595.0,1550.0,5.0,35.0,Petrol,Manual,First,Individual,FWD,0
5819.988,2013.0,107000.0,1582.0,4370.0,1700.0,1475.0,5.0,43.0,Diesel,Manual,First,Individual,FWD,0
6540.0,2016.0,70500.0,1396.0,3995.0,1760.0,1555.0,5.0,45.0,Diesel,Manual,First,Individual,FWD,0
2028.0,2010.0,18500.0,796.0,3495.0,1475.0,1460.0,5.0,35.0,Petrol,Manual,First,Individual,FWD,0
23700.0,2015.0,61000.0,1968.0,4933.0,1874.0,1455.0,5.0,75.0,Diesel,Automatic,Second,Individual,FWD,2
2700.0,2012.0,56000.0,814.0,3495.0,1550.0,1500.0,5.0,32.0,Petrol,Manual,First,Individual,FWD,0
9000.0,2019.0,43600.0,998.0,3995.0,1770.0,1605.0,5.0,45.0,Petrol,Automatic,First,Individual,FWD,0
10500.0,2014.0,99000.0,2199.0,4690.0,1880.0,1690.0,7.0,64.0,Diesel,Automatic,First,Corporate,AWD,0
6600.0,2007.0,92170.0,2609.0,4495.0,1817.0,1975.0,7.0,60.0,Diesel,Manual,Second,Individual,RWD,1
25740.0,2016.0,55000.0,2143.0,4417.0,1804.0,1494.0,5.0,50.0,Diesel,Automatic,Second,Individual,FWD,2
16200.0,2014.0,80000.0,1595.0,4292.0,1780.0,1433.0,4.0,50.0,Petrol,Automatic,Third,Individual,FWD,2
33732.0,2019.0,71500.0,2755.0,4795.0,1855.0,1835.0,7.0,80.0,Diesel,Automatic,Second,Individual,RWD,1
9300.0,2017.0,67000.0,1461.0,4315.0,1822.0,1695.0,5.0,50.0,Diesel,Automatic,First,Individual,FWD,0
15300.0,2019.0,58900.0,1582.0,4270.0,1780.0,1665.0,5.0,55.0,Diesel,Manual,First,Individual,FWD,0
27012.0,2021.0,30229.0,1956.0,4598.0,1894.0,1706.0,5.0,50.0,Diesel,Automatic,First,Individual,FWD,0
4140.0,2015.0,70000.0,1498.0,3971.0,1682.0,1469.0,5.0,45.0,Diesel,Manual,First,Individual,FWD,0
7680.0,2015.0,49000.0,1582.0,4375.0,1700.0,1475.0,5.0,43.0,Diesel,Manual,First,Individual,FWD,0
30000.0,2015.0,34303.0,1496.0,3982.0,1727.0,1425.0,5.0,44.0,Diesel,Automatic,Second,Individual,FWD,4
13140.0,2016.0,45000.0,1798.0,4620.0,1775.0,1475.0,5.0,55.0,Petrol,Automatic,First,Individual,FWD,1
7500.0,2015.0,65000.0,2498.0,3920.0,1726.0,1930.0,6.0,60.0,Diesel,Manual,Second,Individual,AWD,1
6588.0,2018.0,53000.0,1197.0,3765.0,1660.0,1520.0,5.0,43.0,Petrol,Automatic,Second,Individual,FWD,0
5219.988,2019.0,32000.0,799.0,3679.0,1579.0,1478.0,5.0,28.0,Petrol,Manual,First,Individual,FWD,0
5700.0,2012.0,40000.0,1497.0,4440.0,1695.0,1485.0,5.0,42.0,Petrol,Automatic,Second,Individual,FWD,0
11388.0,2018.0,50500.0,1248.0,3995.0,1790.0,1640.0,5.0,48.0,Diesel,Manual,First,Individual,FWD,0
13380.0,2018.0,58590.0,2179.0,4585.0,1890.0,1785.0,7.0,70.0,Diesel,Manual,First,Individual,FWD,1
5580.0,2015.0,89000.0,1498.0,3886.0,1695.0,1525.0,5.0,40.0,Diesel,Manual,Second,Individual,FWD,0
9540.0,2022.0,4000.0,1197.0,3995.0,1775.0,1505.0,5.0,37.0,Petrol,Automatic,First,Individual,FWD,0
7800.0,2020.0,58100.0,1197.0,3985.0,1734.0,1505.0,5.0,45.0,Petrol,Manual,First,Individual,FWD,0
19679.988,2018.0,43000.0,2179.0,4585.0,1890.0,1785.0,7.0,70.0,Diesel,Automatic,First,Individual,FWD,1
42000.0,2018.0,18000.0,1395.0,4726.0,1842.0,1427.0,5.0,54.0,Petrol,Automatic,First,Individual,FWD,2
5100.0,2012.0,78000.0,1248.0,4265.0,1695.0,1685.0,7.0,45.0,Diesel,Manual,Second,Individual,FWD,0
9900.0,2019.0,44000.0,1462.0,4490.0,1730.0,1485.0,5.0,43.0,Petrol,Manual,First,Individual,FWD,0
11220.0,2019.0,56000.0,1498.0,3990.0,1680.0,1505.0,5.0,35.0,Diesel,Manual,First,Individual,FWD,0
9300.0,2015.0,82000.0,1582.0,4270.0,1780.0,1630.0,5.0,60.0,Diesel,Manual,Second,Individual,FWD,0
22020.0,2020.0,33828.0,1493.0,4315.0,1800.0,1645.0,5.0,50.0,Diesel,Automatic,First,Individual,FWD,1
5412.0,2017.0,55000.0,1120.0,3995.0,1660.0,1520.0,5.0,43.0,Diesel,Manual,First,Individual,FWD,0
17868.0,2014.0,81000.0,1995.0,4097.0,1789.0,1561.0,5.0,47.0,Diesel,Automatic,Second,Individual,FWD,4
7800.0,2017.0,86000.0,1248.0,4490.0,1730.0,1485.0,5.0,43.0,Diesel,Manual,First,Individual,FWD,0
10800.0,2018.0,55000.0,1598.0,4413.0,1699.0,1466.0,5.0,55.0,Petrol,Automatic,Second,Individual,FWD,1
4500.0,2012.0,80350.0,1497.0,4440.0,1695.0,1485.0,5.0,42.0,Petrol,Manual,First,Individual,FWD,0
3300.0,2013.0,85785.0,1248.0,3775.0,1680.0,1620.0,5.0,43.0,Diesel,Manual,Second,Individual,FWD,0
12600.0,2022.0,1500.0,1199.0,3993.0,1811.0,1606.0,5.0,44.0,Petrol,Manual,First,Individual,FWD,0
6540.0,2019.0,10340.0,998.0,3599.0,1495.0,1700.0,5.0,35.0,Petrol,Manual,First,Individual,FWD,0
17400.0,2022.0,5000.0,1687.2,3993.0,1811.0,1606.0,5.0,52.8,Otro,Automatic,First,Individual,FWD,0
3840.0,2014.0,54000.0,998.0,3620.0,1475.0,1460.0,5.0,35.0,Petrol,Manual,First,Individual,FWD,0
31800.0,2018.0,53000.0,1995.0,4454.0,2044.0,1545.0,5.0,63.0,Diesel,Automatic,Second,Individual,RWD,3
9588.0,2019.0,37500.0,1197.0,3995.0,1745.0,1510.0,5.0,37.0,Petrol,Manual,First,Individual,FWD,1
10788.0,2015.0,125000.0,2494.0,4585.0,1765.0,1760.0,8.0,55.0,Diesel,Manual,Third,Individual,RWD,1
10500.0,2019.0,58618.0,1497.0,4440.0,1695.0,1495.0,5.0,40.0,Petrol,Manual,First,Individual,FWD,0
19800.0,2018.0,25914.0,1798.0,4620.0,1775.0,1475.0,5.0,55.0,Petrol,Automatic,First,Corporate,FWD,1
7800.0,2022.0,6000.0,1197.0,3845.0,1735.0,1530.0,5.0,37.0,Petrol,Manual,First,Individual,FWD,0
24000.0,2016.0,6000.0,1984.0,4370.0,1783.0,1458.0,5.0,60.0,Diesel,Automatic,First,Individual,FWD,2
8340.0,2016.0,82445.0,1248.0,4490.0,1730.0,1485.0,5.0,43.0,Diesel,Manual,Second,Individual,FWD,0
12600.0,2021.0,5000.0,1248.0,4490.0,1730.0,1485.0,5.0,43.0,Diesel,Manual,First,Individual,FWD,0
13920.0,2015.0,47981.0,1968.0,4659.0,1814.0,1476.0,5.0,50.0,Diesel,Automatic,First,Individual,FWD,1
21587.988,2016.0,84700.0,1968.0,4385.0,1831.0,1608.0,5.0,64.0,Diesel,Automatic,First,Individual,AWD,2
6000.0,2013.0,65000.0,1497.0,4440.0,1695.0,1485.0,5.0,42.0,Petrol,Manual,First,Individual,FWD,0
10680.0,2015.0,138314.0,1582.0,4270.0,1780.0,1630.0,5.0,60.0,Diesel,Manual,First,Individual,FWD,0
42000.0,2019.0,55000.0,1950.0,4686.0,1810.0,1442.0,5.0,66.0,Diesel,Automatic,Second,Individual,RWD,2
2700.0,2012.0,26000.0,1086.0,3585.0,1595.0,1550.0,5.0,35.0,Petrol,Manual,First,Individual,FWD,0
4800.0,2013.0,71000.0,1582.0,4370.0,1700.0,1475.0,5.0,43.0,Diesel,Manual,First,Individual,FWD,0
29400.0,2018.0,61000.0,2143.0,4424.0,1804.0,1494.0,5.0,50.0,Diesel,Automatic,Second,Individual,FWD,2
10200.0,2011.0,85000.0,2143.0,4868.0,1854.0,1471.0,5.0,90.0,Diesel,Automatic,Second,Individual,RWD,2
7740.0,2016.0,45000.0,1591.0,4375.0,1700.0,1475.0,5.0,43.0,Petrol,Manual,First,Individual,FWD,0
3612.0,2011.0,28513.0,1197.0,3850.0,1695.0,1530.0,5.0,42.0,Petrol,Manual,First,Individual,FWD,0
5219.988,2014.0,79081.0,1598.0,4384.0,1699.0,1466.0,5.0,55.0,Diesel,Manual,First,Individual,FWD,0
8700.0,2016.0,57000.0,1248.0,4490.0,1730.0,1485.0,5.0,43.0,Diesel,Manual,First,Individual,FWD,0
25740.0,2020.0,10290.0,1956.0,4598.0,1894.0,1706.0,5.0,50.0,Diesel,Manual,First,Individual,FWD,0
3000.0,2014.0,25000.0,814.0,3495.0,1550.0,1500.0,5.0,32.0,Petrol,Manual,First,Individual,FWD,0
9600.0,2017.0,112000.0,1997.0,4585.0,1890.0,1785.0,7.0,70.0,Diesel,Manual,First,Individual,FWD,1
6900.0,2020.0,40000.0,1199.0,3990.0,1755.0,1523.0,5.0,37.0,Petrol,Manual,First,Individual,FWD,0
11400.0,2018.0,41000.0,2523.0,4456.0,1820.0,1930.0,8.0,60.0,Diesel,Manual,First,Individual,RWD,1
4620.0,2014.0,46000.0,1197.0,3995.0,1710.0,1505.0,5.0,45.0,Petrol,Manual,First,Individual,FWD,0
39480.0,2018.0,51000.0,2755.0,4795.0,1855.0,1835.0,7.0,80.0,Diesel,Automatic,First,Individual,RWD,1
11880.0,2020.0,24013.0,998.0,3995.0,1770.0,1605.0,5.0,45.0,Petrol,Manual,First,Individual,FWD,0
9540.0,2021.0,9000.0,1199.0,3993.0,1677.0,1532.0,5.0,35.0,Petrol,Automatic,First,Individual,FWD,0
21000.0,2019.0,57000.0,1368.0,4395.0,1818.0,1640.0,5.0,60.0,Petrol,Automatic,First,Individual,FWD,2
6300.0,2015.0,80852.0,1198.0,3970.0,1682.0,1453.0,5.0,45.0,Petrol,Automatic,Second,Individual,FWD,0
5760.0,2015.0,49000.0,1497.0,4440.0,1695.0,1495.0,5.0,40.0,Petrol,Manual,First,Individual,FWD,0
7980.0,2017.0,48000.0,1248.0,3995.0,1745.0,1500.0,5.0,37.0,Diesel,Manual,First,Individual,FWD,0
14280.0,2018.0,59000.0,2179.0,4456.0,1820.0,1995.0,7.0,60.0,Diesel,Manual,First,Individual,RWD,1
